Workbook

Sheet Settings
A1: Setting | B1: Value | C1: Note
A2: Base BST | B2: 400 | C2: Owner's rule: every base is scaled to this total.
A3: Fusion BST | B3: 500 | C3: Owner's rule: every fusion is scaled to this total.
A4: Weight of higher stat | B4: =2/3 -> 0.66666667 | C4: Owner's rule: fusion stat = 2/3 of the higher parent + 1/3 of the lower, per stat.
A5: Weight of lower stat | B5: =1-B4 -> 0.33333333
A7: How rounding works | C7: Stats are scaled, then rounded down; the points still missing from the target total go one each to the stats that lost the most in rounding (ties: earlier stat first). This keeps every total exact.
A8: Fusion stats use | C8: The bases' 400-scaled stats (owner's rule), not their original stats. The 2/3 + 1/3 mix is not rounded before scaling to 500.
A9: Original stats source | C9: pokeemerald-expansion species data, latest-generation values.
A10: Yellow cells | C10: Inputs you can change. Everything else is calculated.
A11: Placeholder names | C11: Fusion names are auto-made placeholders (first half of A + second half of B).

Sheet Bases
A1: ID | B1: Name | C1: Type | D1: Orig. gen | E1: Ability | F1: Orig HP | G1: Orig Atk | H1: Orig Def | I1: Orig SpA | J1: Orig SpD | K1: Orig Spe | L1: Orig BST | M1: HP | N1: Atk | O1: Def | P1: SpA | Q1: SpD | R1: Spe | S1: BST | T1: HP exact | U1: Atk exact | V1: Def exact | W1: SpA exact | X1: SpD exact | Y1: Spe exact | Z1: HP floor | AA1: Atk floor | AB1: Def floor | AC1: SpA floor | AD1: SpD floor | AE1: Spe floor | AF1: Points left | AG1: HP remainder | AH1: Atk remainder | AI1: Def remainder | AJ1: SpA remainder | AK1: SpD remainder | AL1: Spe remainder
A2: 1 | B2: Porygon | C2: Normal | D2: 1 | F2: 65 | G2: 60 | H2: 70 | I2: 85 | J2: 75 | K2: 40 | L2: =SUM(F2:K2) -> 395 | M2: =Z2+IF(SUMPRODUCT(--($AG2:$AL2>AG2))<$AF2,1,0) -> 66 | N2: =AA2+IF(SUMPRODUCT(--($AG2:$AL2>AH2))+SUMPRODUCT(--($AG2:AG2=AH2))<$AF2,1,0) -> 61 | O2: =AB2+IF(SUMPRODUCT(--($AG2:$AL2>AI2))+SUMPRODUCT(--($AG2:AH2=AI2))<$AF2,1,0) -> 71 | P2: =AC2+IF(SUMPRODUCT(--($AG2:$AL2>AJ2))+SUMPRODUCT(--($AG2:AI2=AJ2))<$AF2,1,0) -> 86 | Q2: =AD2+IF(SUMPRODUCT(--($AG2:$AL2>AK2))+SUMPRODUCT(--($AG2:AJ2=AK2))<$AF2,1,0) -> 76 | R2: =AE2+IF(SUMPRODUCT(--($AG2:$AL2>AL2))+SUMPRODUCT(--($AG2:AK2=AL2))<$AF2,1,0) -> 40 | S2: =SUM(M2:R2) -> 400 | T2: =F2*Settings!$B$2/SUM(F2:K2) -> 65.822785 | U2: =G2*Settings!$B$2/SUM(F2:K2) -> 60.759494 | V2: =H2*Settings!$B$2/SUM(F2:K2) -> 70.886076 | W2: =I2*Settings!$B$2/SUM(F2:K2) -> 86.075949 | X2: =J2*Settings!$B$2/SUM(F2:K2) -> 75.949367 | Y2: =K2*Settings!$B$2/SUM(F2:K2) -> 40.506329 | Z2: =INT(T2) -> 65 | AA2: =INT(U2) -> 60 | AB2: =INT(V2) -> 70 | AC2: =INT(W2) -> 86 | AD2: =INT(X2) -> 75 | AE2: =INT(Y2) -> 40 | AF2: =Settings!$B$2-SUM(Z2:AE2) -> 4 | AG2: =ROUND(T2-Z2,9) -> 0.82278481 | AH2: =ROUND(U2-AA2,9) -> 0.75949367 | AI2: =ROUND(V2-AB2,9) -> 0.88607595 | AJ2: =ROUND(W2-AC2,9) -> 0.075949367 | AK2: =ROUND(X2-AD2,9) -> 0.94936709 | AL2: =ROUND(Y2-AE2,9) -> 0.50632911
A3: 2 | B3: Dunsparce | C3: Normal | D3: 2 | F3: 100 | G3: 70 | H3: 70 | I3: 65 | J3: 65 | K3: 45 | L3: =SUM(F3:K3) -> 415 | M3: =Z3+IF(SUMPRODUCT(--($AG3:$AL3>AG3))<$AF3,1,0) -> 96 | N3: =AA3+IF(SUMPRODUCT(--($AG3:$AL3>AH3))+SUMPRODUCT(--($AG3:AG3=AH3))<$AF3,1,0) -> 68 | O3: =AB3+IF(SUMPRODUCT(--($AG3:$AL3>AI3))+SUMPRODUCT(--($AG3:AH3=AI3))<$AF3,1,0) -> 67 | P3: =AC3+IF(SUMPRODUCT(--($AG3:$AL3>AJ3))+SUMPRODUCT(--($AG3:AI3=AJ3))<$AF3,1,0) -> 63 | Q3: =AD3+IF(SUMPRODUCT(--($AG3:$AL3>AK3))+SUMPRODUCT(--($AG3:AJ3=AK3))<$AF3,1,0) -> 63 | R3: =AE3+IF(SUMPRODUCT(--($AG3:$AL3>AL3))+SUMPRODUCT(--($AG3:AK3=AL3))<$AF3,1,0) -> 43 | S3: =SUM(M3:R3) -> 400 | T3: =F3*Settings!$B$2/SUM(F3:K3) -> 96.385542 | U3: =G3*Settings!$B$2/SUM(F3:K3) -> 67.46988 | V3: =H3*Settings!$B$2/SUM(F3:K3) -> 67.46988 | W3: =I3*Settings!$B$2/SUM(F3:K3) -> 62.650602 | X3: =J3*Settings!$B$2/SUM(F3:K3) -> 62.650602 | Y3: =K3*Settings!$B$2/SUM(F3:K3) -> 43.373494 | Z3: =INT(T3) -> 96 | AA3: =INT(U3) -> 67 | AB3: =INT(V3) -> 67 | AC3: =INT(W3) -> 62 | AD3: =INT(X3) -> 62 | AE3: =INT(Y3) -> 43 | AF3: =Settings!$B$2-SUM(Z3:AE3) -> 3 | AG3: =ROUND(T3-Z3,9) -> 0.38554217 | AH3: =ROUND(U3-AA3,9) -> 0.46987952 | AI3: =ROUND(V3-AB3,9) -> 0.46987952 | AJ3: =ROUND(W3-AC3,9) -> 0.65060241 | AK3: =ROUND(X3-AD3,9) -> 0.65060241 | AL3: =ROUND(Y3-AE3,9) -> 0.37349398
A4: 3 | B4: Teddiursa | C4: Normal | D4: 2 | F4: 60 | G4: 80 | H4: 50 | I4: 50 | J4: 50 | K4: 40 | L4: =SUM(F4:K4) -> 330 | M4: =Z4+IF(SUMPRODUCT(--($AG4:$AL4>AG4))<$AF4,1,0) -> 73 | N4: =AA4+IF(SUMPRODUCT(--($AG4:$AL4>AH4))+SUMPRODUCT(--($AG4:AG4=AH4))<$AF4,1,0) -> 97 | O4: =AB4+IF(SUMPRODUCT(--($AG4:$AL4>AI4))+SUMPRODUCT(--($AG4:AH4=AI4))<$AF4,1,0) -> 61 | P4: =AC4+IF(SUMPRODUCT(--($AG4:$AL4>AJ4))+SUMPRODUCT(--($AG4:AI4=AJ4))<$AF4,1,0) -> 61 | Q4: =AD4+IF(SUMPRODUCT(--($AG4:$AL4>AK4))+SUMPRODUCT(--($AG4:AJ4=AK4))<$AF4,1,0) -> 60 | R4: =AE4+IF(SUMPRODUCT(--($AG4:$AL4>AL4))+SUMPRODUCT(--($AG4:AK4=AL4))<$AF4,1,0) -> 48 | S4: =SUM(M4:R4) -> 400 | T4: =F4*Settings!$B$2/SUM(F4:K4) -> 72.727273 | U4: =G4*Settings!$B$2/SUM(F4:K4) -> 96.969697 | V4: =H4*Settings!$B$2/SUM(F4:K4) -> 60.606061 | W4: =I4*Settings!$B$2/SUM(F4:K4) -> 60.606061 | X4: =J4*Settings!$B$2/SUM(F4:K4) -> 60.606061 | Y4: =K4*Settings!$B$2/SUM(F4:K4) -> 48.484848 | Z4: =INT(T4) -> 72 | AA4: =INT(U4) -> 96 | AB4: =INT(V4) -> 60 | AC4: =INT(W4) -> 60 | AD4: =INT(X4) -> 60 | AE4: =INT(Y4) -> 48 | AF4: =Settings!$B$2-SUM(Z4:AE4) -> 4 | AG4: =ROUND(T4-Z4,9) -> 0.72727273 | AH4: =ROUND(U4-AA4,9) -> 0.96969697 | AI4: =ROUND(V4-AB4,9) -> 0.60606061 | AJ4: =ROUND(W4-AC4,9) -> 0.60606061 | AK4: =ROUND(X4-AD4,9) -> 0.60606061 | AL4: =ROUND(Y4-AE4,9) -> 0.48484848
A5: 4 | B5: Growlithe | C5: Fire | D5: 1 | F5: 55 | G5: 70 | H5: 45 | I5: 70 | J5: 50 | K5: 60 | L5: =SUM(F5:K5) -> 350 | M5: =Z5+IF(SUMPRODUCT(--($AG5:$AL5>AG5))<$AF5,1,0) -> 63 | N5: =AA5+IF(SUMPRODUCT(--($AG5:$AL5>AH5))+SUMPRODUCT(--($AG5:AG5=AH5))<$AF5,1,0) -> 80 | O5: =AB5+IF(SUMPRODUCT(--($AG5:$AL5>AI5))+SUMPRODUCT(--($AG5:AH5=AI5))<$AF5,1,0) -> 51 | P5: =AC5+IF(SUMPRODUCT(--($AG5:$AL5>AJ5))+SUMPRODUCT(--($AG5:AI5=AJ5))<$AF5,1,0) -> 80 | Q5: =AD5+IF(SUMPRODUCT(--($AG5:$AL5>AK5))+SUMPRODUCT(--($AG5:AJ5=AK5))<$AF5,1,0) -> 57 | R5: =AE5+IF(SUMPRODUCT(--($AG5:$AL5>AL5))+SUMPRODUCT(--($AG5:AK5=AL5))<$AF5,1,0) -> 69 | S5: =SUM(M5:R5) -> 400 | T5: =F5*Settings!$B$2/SUM(F5:K5) -> 62.857143 | U5: =G5*Settings!$B$2/SUM(F5:K5) -> 80 | V5: =H5*Settings!$B$2/SUM(F5:K5) -> 51.428571 | W5: =I5*Settings!$B$2/SUM(F5:K5) -> 80 | X5: =J5*Settings!$B$2/SUM(F5:K5) -> 57.142857 | Y5: =K5*Settings!$B$2/SUM(F5:K5) -> 68.571429 | Z5: =INT(T5) -> 62 | AA5: =INT(U5) -> 80 | AB5: =INT(V5) -> 51 | AC5: =INT(W5) -> 80 | AD5: =INT(X5) -> 57 | AE5: =INT(Y5) -> 68 | AF5: =Settings!$B$2-SUM(Z5:AE5) -> 2 | AG5: =ROUND(T5-Z5,9) -> 0.85714286 | AH5: =ROUND(U5-AA5,9) -> 0 | AI5: =ROUND(V5-AB5,9) -> 0.42857143 | AJ5: =ROUND(W5-AC5,9) -> 0 | AK5: =ROUND(X5-AD5,9) -> 0.14285714 | AL5: =ROUND(Y5-AE5,9) -> 0.57142857
A6: 5 | B6: Cyndaquil | C6: Fire | D6: 2 | F6: 39 | G6: 52 | H6: 43 | I6: 60 | J6: 50 | K6: 65 | L6: =SUM(F6:K6) -> 309 | M6: =Z6+IF(SUMPRODUCT(--($AG6:$AL6>AG6))<$AF6,1,0) -> 50 | N6: =AA6+IF(SUMPRODUCT(--($AG6:$AL6>AH6))+SUMPRODUCT(--($AG6:AG6=AH6))<$AF6,1,0) -> 67 | O6: =AB6+IF(SUMPRODUCT(--($AG6:$AL6>AI6))+SUMPRODUCT(--($AG6:AH6=AI6))<$AF6,1,0) -> 56 | P6: =AC6+IF(SUMPRODUCT(--($AG6:$AL6>AJ6))+SUMPRODUCT(--($AG6:AI6=AJ6))<$AF6,1,0) -> 78 | Q6: =AD6+IF(SUMPRODUCT(--($AG6:$AL6>AK6))+SUMPRODUCT(--($AG6:AJ6=AK6))<$AF6,1,0) -> 65 | R6: =AE6+IF(SUMPRODUCT(--($AG6:$AL6>AL6))+SUMPRODUCT(--($AG6:AK6=AL6))<$AF6,1,0) -> 84 | S6: =SUM(M6:R6) -> 400 | T6: =F6*Settings!$B$2/SUM(F6:K6) -> 50.485437 | U6: =G6*Settings!$B$2/SUM(F6:K6) -> 67.313916 | V6: =H6*Settings!$B$2/SUM(F6:K6) -> 55.66343 | W6: =I6*Settings!$B$2/SUM(F6:K6) -> 77.669903 | X6: =J6*Settings!$B$2/SUM(F6:K6) -> 64.724919 | Y6: =K6*Settings!$B$2/SUM(F6:K6) -> 84.142395 | Z6: =INT(T6) -> 50 | AA6: =INT(U6) -> 67 | AB6: =INT(V6) -> 55 | AC6: =INT(W6) -> 77 | AD6: =INT(X6) -> 64 | AE6: =INT(Y6) -> 84 | AF6: =Settings!$B$2-SUM(Z6:AE6) -> 3 | AG6: =ROUND(T6-Z6,9) -> 0.48543689 | AH6: =ROUND(U6-AA6,9) -> 0.31391586 | AI6: =ROUND(V6-AB6,9) -> 0.66343042 | AJ6: =ROUND(W6-AC6,9) -> 0.66990291 | AK6: =ROUND(X6-AD6,9) -> 0.72491909 | AL6: =ROUND(Y6-AE6,9) -> 0.14239482
A7: 6 | B7: Numel | C7: Fire | D7: 3 | F7: 60 | G7: 60 | H7: 40 | I7: 65 | J7: 45 | K7: 35 | L7: =SUM(F7:K7) -> 305 | M7: =Z7+IF(SUMPRODUCT(--($AG7:$AL7>AG7))<$AF7,1,0) -> 79 | N7: =AA7+IF(SUMPRODUCT(--($AG7:$AL7>AH7))+SUMPRODUCT(--($AG7:AG7=AH7))<$AF7,1,0) -> 79 | O7: =AB7+IF(SUMPRODUCT(--($AG7:$AL7>AI7))+SUMPRODUCT(--($AG7:AH7=AI7))<$AF7,1,0) -> 52 | P7: =AC7+IF(SUMPRODUCT(--($AG7:$AL7>AJ7))+SUMPRODUCT(--($AG7:AI7=AJ7))<$AF7,1,0) -> 85 | Q7: =AD7+IF(SUMPRODUCT(--($AG7:$AL7>AK7))+SUMPRODUCT(--($AG7:AJ7=AK7))<$AF7,1,0) -> 59 | R7: =AE7+IF(SUMPRODUCT(--($AG7:$AL7>AL7))+SUMPRODUCT(--($AG7:AK7=AL7))<$AF7,1,0) -> 46 | S7: =SUM(M7:R7) -> 400 | T7: =F7*Settings!$B$2/SUM(F7:K7) -> 78.688525 | U7: =G7*Settings!$B$2/SUM(F7:K7) -> 78.688525 | V7: =H7*Settings!$B$2/SUM(F7:K7) -> 52.459016 | W7: =I7*Settings!$B$2/SUM(F7:K7) -> 85.245902 | X7: =J7*Settings!$B$2/SUM(F7:K7) -> 59.016393 | Y7: =K7*Settings!$B$2/SUM(F7:K7) -> 45.901639 | Z7: =INT(T7) -> 78 | AA7: =INT(U7) -> 78 | AB7: =INT(V7) -> 52 | AC7: =INT(W7) -> 85 | AD7: =INT(X7) -> 59 | AE7: =INT(Y7) -> 45 | AF7: =Settings!$B$2-SUM(Z7:AE7) -> 3 | AG7: =ROUND(T7-Z7,9) -> 0.68852459 | AH7: =ROUND(U7-AA7,9) -> 0.68852459 | AI7: =ROUND(V7-AB7,9) -> 0.45901639 | AJ7: =ROUND(W7-AC7,9) -> 0.24590164 | AK7: =ROUND(X7-AD7,9) -> 0.016393443 | AL7: =ROUND(Y7-AE7,9) -> 0.90163934
A8: 7 | B8: Azurill | C8: Water | D8: 3 | F8: 50 | G8: 20 | H8: 40 | I8: 20 | J8: 40 | K8: 20 | L8: =SUM(F8:K8) -> 190 | M8: =Z8+IF(SUMPRODUCT(--($AG8:$AL8>AG8))<$AF8,1,0) -> 106 | N8: =AA8+IF(SUMPRODUCT(--($AG8:$AL8>AH8))+SUMPRODUCT(--($AG8:AG8=AH8))<$AF8,1,0) -> 42 | O8: =AB8+IF(SUMPRODUCT(--($AG8:$AL8>AI8))+SUMPRODUCT(--($AG8:AH8=AI8))<$AF8,1,0) -> 84 | P8: =AC8+IF(SUMPRODUCT(--($AG8:$AL8>AJ8))+SUMPRODUCT(--($AG8:AI8=AJ8))<$AF8,1,0) -> 42 | Q8: =AD8+IF(SUMPRODUCT(--($AG8:$AL8>AK8))+SUMPRODUCT(--($AG8:AJ8=AK8))<$AF8,1,0) -> 84 | R8: =AE8+IF(SUMPRODUCT(--($AG8:$AL8>AL8))+SUMPRODUCT(--($AG8:AK8=AL8))<$AF8,1,0) -> 42 | S8: =SUM(M8:R8) -> 400 | T8: =F8*Settings!$B$2/SUM(F8:K8) -> 105.26316 | U8: =G8*Settings!$B$2/SUM(F8:K8) -> 42.105263 | V8: =H8*Settings!$B$2/SUM(F8:K8) -> 84.210526 | W8: =I8*Settings!$B$2/SUM(F8:K8) -> 42.105263 | X8: =J8*Settings!$B$2/SUM(F8:K8) -> 84.210526 | Y8: =K8*Settings!$B$2/SUM(F8:K8) -> 42.105263 | Z8: =INT(T8) -> 105 | AA8: =INT(U8) -> 42 | AB8: =INT(V8) -> 84 | AC8: =INT(W8) -> 42 | AD8: =INT(X8) -> 84 | AE8: =INT(Y8) -> 42 | AF8: =Settings!$B$2-SUM(Z8:AE8) -> 1 | AG8: =ROUND(T8-Z8,9) -> 0.26315789 | AH8: =ROUND(U8-AA8,9) -> 0.10526316 | AI8: =ROUND(V8-AB8,9) -> 0.21052632 | AJ8: =ROUND(W8-AC8,9) -> 0.10526316 | AK8: =ROUND(X8-AD8,9) -> 0.21052632 | AL8: =ROUND(Y8-AE8,9) -> 0.10526316
A9: 8 | B9: Corsola | C9: Water | D9: 2 | F9: 65 | G9: 55 | H9: 95 | I9: 65 | J9: 95 | K9: 35 | L9: =SUM(F9:K9) -> 410 | M9: =Z9+IF(SUMPRODUCT(--($AG9:$AL9>AG9))<$AF9,1,0) -> 63 | N9: =AA9+IF(SUMPRODUCT(--($AG9:$AL9>AH9))+SUMPRODUCT(--($AG9:AG9=AH9))<$AF9,1,0) -> 54 | O9: =AB9+IF(SUMPRODUCT(--($AG9:$AL9>AI9))+SUMPRODUCT(--($AG9:AH9=AI9))<$AF9,1,0) -> 93 | P9: =AC9+IF(SUMPRODUCT(--($AG9:$AL9>AJ9))+SUMPRODUCT(--($AG9:AI9=AJ9))<$AF9,1,0) -> 63 | Q9: =AD9+IF(SUMPRODUCT(--($AG9:$AL9>AK9))+SUMPRODUCT(--($AG9:AJ9=AK9))<$AF9,1,0) -> 93 | R9: =AE9+IF(SUMPRODUCT(--($AG9:$AL9>AL9))+SUMPRODUCT(--($AG9:AK9=AL9))<$AF9,1,0) -> 34 | S9: =SUM(M9:R9) -> 400 | T9: =F9*Settings!$B$2/SUM(F9:K9) -> 63.414634 | U9: =G9*Settings!$B$2/SUM(F9:K9) -> 53.658537 | V9: =H9*Settings!$B$2/SUM(F9:K9) -> 92.682927 | W9: =I9*Settings!$B$2/SUM(F9:K9) -> 63.414634 | X9: =J9*Settings!$B$2/SUM(F9:K9) -> 92.682927 | Y9: =K9*Settings!$B$2/SUM(F9:K9) -> 34.146341 | Z9: =INT(T9) -> 63 | AA9: =INT(U9) -> 53 | AB9: =INT(V9) -> 92 | AC9: =INT(W9) -> 63 | AD9: =INT(X9) -> 92 | AE9: =INT(Y9) -> 34 | AF9: =Settings!$B$2-SUM(Z9:AE9) -> 3 | AG9: =ROUND(T9-Z9,9) -> 0.41463415 | AH9: =ROUND(U9-AA9,9) -> 0.65853659 | AI9: =ROUND(V9-AB9,9) -> 0.68292683 | AJ9: =ROUND(W9-AC9,9) -> 0.41463415 | AK9: =ROUND(X9-AD9,9) -> 0.68292683 | AL9: =ROUND(Y9-AE9,9) -> 0.14634146
A10: 9 | B10: Mudkip | C10: Water | D10: 3 | F10: 50 | G10: 70 | H10: 50 | I10: 50 | J10: 50 | K10: 40 | L10: =SUM(F10:K10) -> 310 | M10: =Z10+IF(SUMPRODUCT(--($AG10:$AL10>AG10))<$AF10,1,0) -> 65 | N10: =AA10+IF(SUMPRODUCT(--($AG10:$AL10>AH10))+SUMPRODUCT(--($AG10:AG10=AH10))<$AF10,1,0) -> 90 | O10: =AB10+IF(SUMPRODUCT(--($AG10:$AL10>AI10))+SUMPRODUCT(--($AG10:AH10=AI10))<$AF10,1,0) -> 65 | P10: =AC10+IF(SUMPRODUCT(--($AG10:$AL10>AJ10))+SUMPRODUCT(--($AG10:AI10=AJ10))<$AF10,1,0) -> 64 | Q10: =AD10+IF(SUMPRODUCT(--($AG10:$AL10>AK10))+SUMPRODUCT(--($AG10:AJ10=AK10))<$AF10,1,0) -> 64 | R10: =AE10+IF(SUMPRODUCT(--($AG10:$AL10>AL10))+SUMPRODUCT(--($AG10:AK10=AL10))<$AF10,1,0) -> 52 | S10: =SUM(M10:R10) -> 400 | T10: =F10*Settings!$B$2/SUM(F10:K10) -> 64.516129 | U10: =G10*Settings!$B$2/SUM(F10:K10) -> 90.322581 | V10: =H10*Settings!$B$2/SUM(F10:K10) -> 64.516129 | W10: =I10*Settings!$B$2/SUM(F10:K10) -> 64.516129 | X10: =J10*Settings!$B$2/SUM(F10:K10) -> 64.516129 | Y10: =K10*Settings!$B$2/SUM(F10:K10) -> 51.612903 | Z10: =INT(T10) -> 64 | AA10: =INT(U10) -> 90 | AB10: =INT(V10) -> 64 | AC10: =INT(W10) -> 64 | AD10: =INT(X10) -> 64 | AE10: =INT(Y10) -> 51 | AF10: =Settings!$B$2-SUM(Z10:AE10) -> 3 | AG10: =ROUND(T10-Z10,9) -> 0.51612903 | AH10: =ROUND(U10-AA10,9) -> 0.32258064 | AI10: =ROUND(V10-AB10,9) -> 0.51612903 | AJ10: =ROUND(W10-AC10,9) -> 0.51612903 | AK10: =ROUND(X10-AD10,9) -> 0.51612903 | AL10: =ROUND(Y10-AE10,9) -> 0.61290323
A11: 10 | B11: Pichu | C11: Electric | D11: 2 | F11: 20 | G11: 40 | H11: 15 | I11: 35 | J11: 35 | K11: 60 | L11: =SUM(F11:K11) -> 205 | M11: =Z11+IF(SUMPRODUCT(--($AG11:$AL11>AG11))<$AF11,1,0) -> 39 | N11: =AA11+IF(SUMPRODUCT(--($AG11:$AL11>AH11))+SUMPRODUCT(--($AG11:AG11=AH11))<$AF11,1,0) -> 78 | O11: =AB11+IF(SUMPRODUCT(--($AG11:$AL11>AI11))+SUMPRODUCT(--($AG11:AH11=AI11))<$AF11,1,0) -> 29 | P11: =AC11+IF(SUMPRODUCT(--($AG11:$AL11>AJ11))+SUMPRODUCT(--($AG11:AI11=AJ11))<$AF11,1,0) -> 69 | Q11: =AD11+IF(SUMPRODUCT(--($AG11:$AL11>AK11))+SUMPRODUCT(--($AG11:AJ11=AK11))<$AF11,1,0) -> 68 | R11: =AE11+IF(SUMPRODUCT(--($AG11:$AL11>AL11))+SUMPRODUCT(--($AG11:AK11=AL11))<$AF11,1,0) -> 117 | S11: =SUM(M11:R11) -> 400 | T11: =F11*Settings!$B$2/SUM(F11:K11) -> 39.02439 | U11: =G11*Settings!$B$2/SUM(F11:K11) -> 78.04878 | V11: =H11*Settings!$B$2/SUM(F11:K11) -> 29.268293 | W11: =I11*Settings!$B$2/SUM(F11:K11) -> 68.292683 | X11: =J11*Settings!$B$2/SUM(F11:K11) -> 68.292683 | Y11: =K11*Settings!$B$2/SUM(F11:K11) -> 117.07317 | Z11: =INT(T11) -> 39 | AA11: =INT(U11) -> 78 | AB11: =INT(V11) -> 29 | AC11: =INT(W11) -> 68 | AD11: =INT(X11) -> 68 | AE11: =INT(Y11) -> 117 | AF11: =Settings!$B$2-SUM(Z11:AE11) -> 1 | AG11: =ROUND(T11-Z11,9) -> 0.024390244 | AH11: =ROUND(U11-AA11,9) -> 0.048780488 | AI11: =ROUND(V11-AB11,9) -> 0.26829268 | AJ11: =ROUND(W11-AC11,9) -> 0.29268293 | AK11: =ROUND(X11-AD11,9) -> 0.29268293 | AL11: =ROUND(Y11-AE11,9) -> 0.073170732
A12: 11 | B12: Voltorb | C12: Electric | D12: 1 | F12: 40 | G12: 30 | H12: 50 | I12: 55 | J12: 55 | K12: 100 | L12: =SUM(F12:K12) -> 330 | M12: =Z12+IF(SUMPRODUCT(--($AG12:$AL12>AG12))<$AF12,1,0) -> 48 | N12: =AA12+IF(SUMPRODUCT(--($AG12:$AL12>AH12))+SUMPRODUCT(--($AG12:AG12=AH12))<$AF12,1,0) -> 36 | O12: =AB12+IF(SUMPRODUCT(--($AG12:$AL12>AI12))+SUMPRODUCT(--($AG12:AH12=AI12))<$AF12,1,0) -> 61 | P12: =AC12+IF(SUMPRODUCT(--($AG12:$AL12>AJ12))+SUMPRODUCT(--($AG12:AI12=AJ12))<$AF12,1,0) -> 67 | Q12: =AD12+IF(SUMPRODUCT(--($AG12:$AL12>AK12))+SUMPRODUCT(--($AG12:AJ12=AK12))<$AF12,1,0) -> 67 | R12: =AE12+IF(SUMPRODUCT(--($AG12:$AL12>AL12))+SUMPRODUCT(--($AG12:AK12=AL12))<$AF12,1,0) -> 121 | S12: =SUM(M12:R12) -> 400 | T12: =F12*Settings!$B$2/SUM(F12:K12) -> 48.484848 | U12: =G12*Settings!$B$2/SUM(F12:K12) -> 36.363636 | V12: =H12*Settings!$B$2/SUM(F12:K12) -> 60.606061 | W12: =I12*Settings!$B$2/SUM(F12:K12) -> 66.666667 | X12: =J12*Settings!$B$2/SUM(F12:K12) -> 66.666667 | Y12: =K12*Settings!$B$2/SUM(F12:K12) -> 121.21212 | Z12: =INT(T12) -> 48 | AA12: =INT(U12) -> 36 | AB12: =INT(V12) -> 60 | AC12: =INT(W12) -> 66 | AD12: =INT(X12) -> 66 | AE12: =INT(Y12) -> 121 | AF12: =Settings!$B$2-SUM(Z12:AE12) -> 3 | AG12: =ROUND(T12-Z12,9) -> 0.48484848 | AH12: =ROUND(U12-AA12,9) -> 0.36363636 | AI12: =ROUND(V12-AB12,9) -> 0.60606061 | AJ12: =ROUND(W12-AC12,9) -> 0.66666667 | AK12: =ROUND(X12-AD12,9) -> 0.66666667 | AL12: =ROUND(Y12-AE12,9) -> 0.21212121
A13: 12 | B13: Mareep | C13: Electric | D13: 2 | F13: 55 | G13: 40 | H13: 40 | I13: 65 | J13: 45 | K13: 35 | L13: =SUM(F13:K13) -> 280 | M13: =Z13+IF(SUMPRODUCT(--($AG13:$AL13>AG13))<$AF13,1,0) -> 79 | N13: =AA13+IF(SUMPRODUCT(--($AG13:$AL13>AH13))+SUMPRODUCT(--($AG13:AG13=AH13))<$AF13,1,0) -> 57 | O13: =AB13+IF(SUMPRODUCT(--($AG13:$AL13>AI13))+SUMPRODUCT(--($AG13:AH13=AI13))<$AF13,1,0) -> 57 | P13: =AC13+IF(SUMPRODUCT(--($AG13:$AL13>AJ13))+SUMPRODUCT(--($AG13:AI13=AJ13))<$AF13,1,0) -> 93 | Q13: =AD13+IF(SUMPRODUCT(--($AG13:$AL13>AK13))+SUMPRODUCT(--($AG13:AJ13=AK13))<$AF13,1,0) -> 64 | R13: =AE13+IF(SUMPRODUCT(--($AG13:$AL13>AL13))+SUMPRODUCT(--($AG13:AK13=AL13))<$AF13,1,0) -> 50 | S13: =SUM(M13:R13) -> 400 | T13: =F13*Settings!$B$2/SUM(F13:K13) -> 78.571429 | U13: =G13*Settings!$B$2/SUM(F13:K13) -> 57.142857 | V13: =H13*Settings!$B$2/SUM(F13:K13) -> 57.142857 | W13: =I13*Settings!$B$2/SUM(F13:K13) -> 92.857143 | X13: =J13*Settings!$B$2/SUM(F13:K13) -> 64.285714 | Y13: =K13*Settings!$B$2/SUM(F13:K13) -> 50 | Z13: =INT(T13) -> 78 | AA13: =INT(U13) -> 57 | AB13: =INT(V13) -> 57 | AC13: =INT(W13) -> 92 | AD13: =INT(X13) -> 64 | AE13: =INT(Y13) -> 50 | AF13: =Settings!$B$2-SUM(Z13:AE13) -> 2 | AG13: =ROUND(T13-Z13,9) -> 0.57142857 | AH13: =ROUND(U13-AA13,9) -> 0.14285714 | AI13: =ROUND(V13-AB13,9) -> 0.14285714 | AJ13: =ROUND(W13-AC13,9) -> 0.85714286 | AK13: =ROUND(X13-AD13,9) -> 0.28571429 | AL13: =ROUND(Y13-AE13,9) -> 0
... A53: 52 | B53: Togepi | C53: Fairy | D53: 2 | F53: 35 | G53: 20 | H53: 65 | I53: 40 | J53: 65 | K53: 20 | L53: =SUM(F53:K53) -> 245 | M53: =Z53+IF(SUMPRODUCT(--($AG53:$AL53>AG53))<$AF53,1,0) -> 57 | N53: =AA53+IF(SUMPRODUCT(--($AG53:$AL53>AH53))+SUMPRODUCT(--($AG53:AG53=AH53))<$AF53,1,0) -> 33 | O53: =AB53+IF(SUMPRODUCT(--($AG53:$AL53>AI53))+SUMPRODUCT(--($AG53:AH53=AI53))<$AF53,1,0) -> 106 | P53: =AC53+IF(SUMPRODUCT(--($AG53:$AL53>AJ53))+SUMPRODUCT(--($AG53:AI53=AJ53))<$AF53,1,0) -> 65 | Q53: =AD53+IF(SUMPRODUCT(--($AG53:$AL53>AK53))+SUMPRODUCT(--($AG53:AJ53=AK53))<$AF53,1,0) -> 106 | R53: =AE53+IF(SUMPRODUCT(--($AG53:$AL53>AL53))+SUMPRODUCT(--($AG53:AK53=AL53))<$AF53,1,0) -> 33 | S53: =SUM(M53:R53) -> 400 | T53: =F53*Settings!$B$2/SUM(F53:K53) -> 57.142857 | U53: =G53*Settings!$B$2/SUM(F53:K53) -> 32.653061 | V53: =H53*Settings!$B$2/SUM(F53:K53) -> 106.12245 | W53: =I53*Settings!$B$2/SUM(F53:K53) -> 65.306122 | X53: =J53*Settings!$B$2/SUM(F53:K53) -> 106.12245 | Y53: =K53*Settings!$B$2/SUM(F53:K53) -> 32.653061 | Z53: =INT(T53) -> 57 | AA53: =INT(U53) -> 32 | AB53: =INT(V53) -> 106 | AC53: =INT(W53) -> 65 | AD53: =INT(X53) -> 106 | AE53: =INT(Y53) -> 32 | AF53: =Settings!$B$2-SUM(Z53:AE53) -> 2 | AG53: =ROUND(T53-Z53,9) -> 0.14285714 | AH53: =ROUND(U53-AA53,9) -> 0.65306122 | AI53: =ROUND(V53-AB53,9) -> 0.12244898 | AJ53: =ROUND(W53-AC53,9) -> 0.30612245 | AK53: =ROUND(X53-AD53,9) -> 0.12244898 | AL53: =ROUND(Y53-AE53,9) -> 0.65306122

Sheet Fusions
A1: # | B1: Parent A ID | C1: Parent B ID | D1: Parent A | E1: Parent B | F1: Name (placeholder) | G1: Type 1 | H1: Type 2 | I1: Ability 1 (A) | J1: Ability 2 (B) | K1: Ability 3 (type pool) | L1: HP | M1: Atk | N1: Def | O1: SpA | P1: SpD | Q1: Spe | R1: BST | S1: Mix HP | T1: Mix Atk | U1: Mix Def | V1: Mix SpA | W1: Mix SpD | X1: Mix Spe | Y1: HP exact | Z1: Atk exact | AA1: Def exact | AB1: SpA exact | AC1: SpD exact | AD1: Spe exact | AE1: HP floor | AF1: Atk floor | AG1: Def floor | AH1: SpA floor | AI1: SpD floor | AJ1: Spe floor | AK1: Points left | AL1: HP remainder | AM1: Atk remainder | AN1: Def remainder | AO1: SpA remainder | AP1: SpD remainder | AQ1: Spe remainder
A2: 1 | B2: 1 | C2: 2 | D2: =INDEX(Bases!$B$2:$B$53,B2) -> Porygon | E2: =INDEX(Bases!$B$2:$B$53,C2) -> Dunsparce | F2: =LEFT(D2,ROUNDUP(LEN(D2)/2,0))&LOWER(MID(E2,ROUNDUP(LEN(E2)/2,0)+1,20)) -> Poryarce | G2: =INDEX(Bases!$C$2:$C$53,B2) -> Normal | H2: =IF(INDEX(Bases!$C$2:$C$53,C2)=G2,"",INDEX(Bases!$C$2:$C$53,C2)) | I2: =IF(INDEX(Bases!$E$2:$E$53,B2)="","",INDEX(Bases!$E$2:$E$53,B2)) | J2: =IF(INDEX(Bases!$E$2:$E$53,C2)="","",INDEX(Bases!$E$2:$E$53,C2)) | L2: =AE2+IF(SUMPRODUCT(--($AL2:$AQ2>AL2))<$AK2,1,0) -> 104 | M2: =AF2+IF(SUMPRODUCT(--($AL2:$AQ2>AM2))+SUMPRODUCT(--($AL2:AL2=AM2))<$AK2,1,0) -> 79 | N2: =AG2+IF(SUMPRODUCT(--($AL2:$AQ2>AN2))+SUMPRODUCT(--($AL2:AM2=AN2))<$AK2,1,0) -> 84 | O2: =AH2+IF(SUMPRODUCT(--($AL2:$AQ2>AO2))+SUMPRODUCT(--($AL2:AN2=AO2))<$AK2,1,0) -> 95 | P2: =AI2+IF(SUMPRODUCT(--($AL2:$AQ2>AP2))+SUMPRODUCT(--($AL2:AO2=AP2))<$AK2,1,0) -> 87 | Q2: =AJ2+IF(SUMPRODUCT(--($AL2:$AQ2>AQ2))+SUMPRODUCT(--($AL2:AP2=AQ2))<$AK2,1,0) -> 51 | R2: =SUM(L2:Q2) -> 500 | S2: =Settings!$B$4*MAX(INDEX(Bases!$M$2:$M$53,B2),INDEX(Bases!$M$2:$M$53,C2))+Settings!$B$5*MIN(INDEX(Bases!$M$2:$M$53,B2),INDEX(Bases!$M$2:$M$53,C2)) -> 86 | T2: =Settings!$B$4*MAX(INDEX(Bases!$N$2:$N$53,B2),INDEX(Bases!$N$2:$N$53,C2))+Settings!$B$5*MIN(INDEX(Bases!$N$2:$N$53,B2),INDEX(Bases!$N$2:$N$53,C2)) -> 65.666667 | U2: =Settings!$B$4*MAX(INDEX(Bases!$O$2:$O$53,B2),INDEX(Bases!$O$2:$O$53,C2))+Settings!$B$5*MIN(INDEX(Bases!$O$2:$O$53,B2),INDEX(Bases!$O$2:$O$53,C2)) -> 69.666667 | V2: =Settings!$B$4*MAX(INDEX(Bases!$P$2:$P$53,B2),INDEX(Bases!$P$2:$P$53,C2))+Settings!$B$5*MIN(INDEX(Bases!$P$2:$P$53,B2),INDEX(Bases!$P$2:$P$53,C2)) -> 78.333333 | W2: =Settings!$B$4*MAX(INDEX(Bases!$Q$2:$Q$53,B2),INDEX(Bases!$Q$2:$Q$53,C2))+Settings!$B$5*MIN(INDEX(Bases!$Q$2:$Q$53,B2),INDEX(Bases!$Q$2:$Q$53,C2)) -> 71.666667 | X2: =Settings!$B$4*MAX(INDEX(Bases!$R$2:$R$53,B2),INDEX(Bases!$R$2:$R$53,C2))+Settings!$B$5*MIN(INDEX(Bases!$R$2:$R$53,B2),INDEX(Bases!$R$2:$R$53,C2)) -> 42 | Y2: =S2*Settings!$B$3/SUM(S2:X2) -> 104.03226 | Z2: =T2*Settings!$B$3/SUM(S2:X2) -> 79.435484 | AA2: =U2*Settings!$B$3/SUM(S2:X2) -> 84.274194 | AB2: =V2*Settings!$B$3/SUM(S2:X2) -> 94.758065 | AC2: =W2*Settings!$B$3/SUM(S2:X2) -> 86.693548 | AD2: =X2*Settings!$B$3/SUM(S2:X2) -> 50.806452 | AE2: =INT(Y2) -> 104 | AF2: =INT(Z2) -> 79 | AG2: =INT(AA2) -> 84 | AH2: =INT(AB2) -> 94 | AI2: =INT(AC2) -> 86 | AJ2: =INT(AD2) -> 50 | AK2: =Settings!$B$3-SUM(AE2:AJ2) -> 3 | AL2: =ROUND(Y2-AE2,9) -> 0.032258065 | AM2: =ROUND(Z2-AF2,9) -> 0.43548387 | AN2: =ROUND(AA2-AG2,9) -> 0.27419355 | AO2: =ROUND(AB2-AH2,9) -> 0.75806452 | AP2: =ROUND(AC2-AI2,9) -> 0.69354839 | AQ2: =ROUND(AD2-AJ2,9) -> 0.80645161
A3: 2 | B3: 1 | C3: 3 | D3: =INDEX(Bases!$B$2:$B$53,B3) -> Porygon | E3: =INDEX(Bases!$B$2:$B$53,C3) -> Teddiursa | F3: =LEFT(D3,ROUNDUP(LEN(D3)/2,0))&LOWER(MID(E3,ROUNDUP(LEN(E3)/2,0)+1,20)) -> Poryursa | G3: =INDEX(Bases!$C$2:$C$53,B3) -> Normal | H3: =IF(INDEX(Bases!$C$2:$C$53,C3)=G3,"",INDEX(Bases!$C$2:$C$53,C3)) | I3: =IF(INDEX(Bases!$E$2:$E$53,B3)="","",INDEX(Bases!$E$2:$E$53,B3)) | J3: =IF(INDEX(Bases!$E$2:$E$53,C3)="","",INDEX(Bases!$E$2:$E$53,C3)) | L3: =AE3+IF(SUMPRODUCT(--($AL3:$AQ3>AL3))<$AK3,1,0) -> 85 | M3: =AF3+IF(SUMPRODUCT(--($AL3:$AQ3>AM3))+SUMPRODUCT(--($AL3:AL3=AM3))<$AK3,1,0) -> 102 | N3: =AG3+IF(SUMPRODUCT(--($AL3:$AQ3>AN3))+SUMPRODUCT(--($AL3:AM3=AN3))<$AK3,1,0) -> 81 | O3: =AH3+IF(SUMPRODUCT(--($AL3:$AQ3>AO3))+SUMPRODUCT(--($AL3:AN3=AO3))<$AK3,1,0) -> 93 | P3: =AI3+IF(SUMPRODUCT(--($AL3:$AQ3>AP3))+SUMPRODUCT(--($AL3:AO3=AP3))<$AK3,1,0) -> 85 | Q3: =AJ3+IF(SUMPRODUCT(--($AL3:$AQ3>AQ3))+SUMPRODUCT(--($AL3:AP3=AQ3))<$AK3,1,0) -> 54 | R3: =SUM(L3:Q3) -> 500 | S3: =Settings!$B$4*MAX(INDEX(Bases!$M$2:$M$53,B3),INDEX(Bases!$M$2:$M$53,C3))+Settings!$B$5*MIN(INDEX(Bases!$M$2:$M$53,B3),INDEX(Bases!$M$2:$M$53,C3)) -> 70.666667 | T3: =Settings!$B$4*MAX(INDEX(Bases!$N$2:$N$53,B3),INDEX(Bases!$N$2:$N$53,C3))+Settings!$B$5*MIN(INDEX(Bases!$N$2:$N$53,B3),INDEX(Bases!$N$2:$N$53,C3)) -> 85 | U3: =Settings!$B$4*MAX(INDEX(Bases!$O$2:$O$53,B3),INDEX(Bases!$O$2:$O$53,C3))+Settings!$B$5*MIN(INDEX(Bases!$O$2:$O$53,B3),INDEX(Bases!$O$2:$O$53,C3)) -> 67.666667 | V3: =Settings!$B$4*MAX(INDEX(Bases!$P$2:$P$53,B3),INDEX(Bases!$P$2:$P$53,C3))+Settings!$B$5*MIN(INDEX(Bases!$P$2:$P$53,B3),INDEX(Bases!$P$2:$P$53,C3)) -> 77.666667 | W3: =Settings!$B$4*MAX(INDEX(Bases!$Q$2:$Q$53,B3),INDEX(Bases!$Q$2:$Q$53,C3))+Settings!$B$5*MIN(INDEX(Bases!$Q$2:$Q$53,B3),INDEX(Bases!$Q$2:$Q$53,C3)) -> 70.666667 | X3: =Settings!$B$4*MAX(INDEX(Bases!$R$2:$R$53,B3),INDEX(Bases!$R$2:$R$53,C3))+Settings!$B$5*MIN(INDEX(Bases!$R$2:$R$53,B3),INDEX(Bases!$R$2:$R$53,C3)) -> 45.333333 | Y3: =S3*Settings!$B$3/SUM(S3:X3) -> 84.732214 | Z3: =T3*Settings!$B$3/SUM(S3:X3) -> 101.91847 | AA3: =U3*Settings!$B$3/SUM(S3:X3) -> 81.135092 | AB3: =V3*Settings!$B$3/SUM(S3:X3) -> 93.1255 | AC3: =W3*Settings!$B$3/SUM(S3:X3) -> 84.732214 | AD3: =X3*Settings!$B$3/SUM(S3:X3) -> 54.356515 | AE3: =INT(Y3) -> 84 | AF3: =INT(Z3) -> 101 | AG3: =INT(AA3) -> 81 | AH3: =INT(AB3) -> 93 | AI3: =INT(AC3) -> 84 | AJ3: =INT(AD3) -> 54 | AK3: =Settings!$B$3-SUM(AE3:AJ3) -> 3 | AL3: =ROUND(Y3-AE3,9) -> 0.73221423 | AM3: =ROUND(Z3-AF3,9) -> 0.91846523 | AN3: =ROUND(AA3-AG3,9) -> 0.13509193 | AO3: =ROUND(AB3-AH3,9) -> 0.1254996 | AP3: =ROUND(AC3-AI3,9) -> 0.73221423 | AQ3: =ROUND(AD3-AJ3,9) -> 0.35651479
A4: 3 | B4: 1 | C4: 4 | D4: =INDEX(Bases!$B$2:$B$53,B4) -> Porygon | E4: =INDEX(Bases!$B$2:$B$53,C4) -> Growlithe | F4: =LEFT(D4,ROUNDUP(LEN(D4)/2,0))&LOWER(MID(E4,ROUNDUP(LEN(E4)/2,0)+1,20)) -> Poryithe | G4: =INDEX(Bases!$C$2:$C$53,B4) -> Normal | H4: =IF(INDEX(Bases!$C$2:$C$53,C4)=G4,"",INDEX(Bases!$C$2:$C$53,C4)) -> Fire | I4: =IF(INDEX(Bases!$E$2:$E$53,B4)="","",INDEX(Bases!$E$2:$E$53,B4)) | J4: =IF(INDEX(Bases!$E$2:$E$53,C4)="","",INDEX(Bases!$E$2:$E$53,C4)) | L4: =AE4+IF(SUMPRODUCT(--($AL4:$AQ4>AL4))<$AK4,1,0) -> 78 | M4: =AF4+IF(SUMPRODUCT(--($AL4:$AQ4>AM4))+SUMPRODUCT(--($AL4:AL4=AM4))<$AK4,1,0) -> 89 | N4: =AG4+IF(SUMPRODUCT(--($AL4:$AQ4>AN4))+SUMPRODUCT(--($AL4:AM4=AN4))<$AK4,1,0) -> 77 | O4: =AH4+IF(SUMPRODUCT(--($AL4:$AQ4>AO4))+SUMPRODUCT(--($AL4:AN4=AO4))<$AK4,1,0) -> 101 | P4: =AI4+IF(SUMPRODUCT(--($AL4:$AQ4>AP4))+SUMPRODUCT(--($AL4:AO4=AP4))<$AK4,1,0) -> 84 | Q4: =AJ4+IF(SUMPRODUCT(--($AL4:$AQ4>AQ4))+SUMPRODUCT(--($AL4:AP4=AQ4))<$AK4,1,0) -> 71 | R4: =SUM(L4:Q4) -> 500 | S4: =Settings!$B$4*MAX(INDEX(Bases!$M$2:$M$53,B4),INDEX(Bases!$M$2:$M$53,C4))+Settings!$B$5*MIN(INDEX(Bases!$M$2:$M$53,B4),INDEX(Bases!$M$2:$M$53,C4)) -> 65 | T4: =Settings!$B$4*MAX(INDEX(Bases!$N$2:$N$53,B4),INDEX(Bases!$N$2:$N$53,C4))+Settings!$B$5*MIN(INDEX(Bases!$N$2:$N$53,B4),INDEX(Bases!$N$2:$N$53,C4)) -> 73.666667 | U4: =Settings!$B$4*MAX(INDEX(Bases!$O$2:$O$53,B4),INDEX(Bases!$O$2:$O$53,C4))+Settings!$B$5*MIN(INDEX(Bases!$O$2:$O$53,B4),INDEX(Bases!$O$2:$O$53,C4)) -> 64.333333 | V4: =Settings!$B$4*MAX(INDEX(Bases!$P$2:$P$53,B4),INDEX(Bases!$P$2:$P$53,C4))+Settings!$B$5*MIN(INDEX(Bases!$P$2:$P$53,B4),INDEX(Bases!$P$2:$P$53,C4)) -> 84 | W4: =Settings!$B$4*MAX(INDEX(Bases!$Q$2:$Q$53,B4),INDEX(Bases!$Q$2:$Q$53,C4))+Settings!$B$5*MIN(INDEX(Bases!$Q$2:$Q$53,B4),INDEX(Bases!$Q$2:$Q$53,C4)) -> 69.666667 | X4: =Settings!$B$4*MAX(INDEX(Bases!$R$2:$R$53,B4),INDEX(Bases!$R$2:$R$53,C4))+Settings!$B$5*MIN(INDEX(Bases!$R$2:$R$53,B4),INDEX(Bases!$R$2:$R$53,C4)) -> 59.333333 | Y4: =S4*Settings!$B$3/SUM(S4:X4) -> 78.125 | Z4: =T4*Settings!$B$3/SUM(S4:X4) -> 88.541667 | AA4: =U4*Settings!$B$3/SUM(S4:X4) -> 77.323718 | AB4: =V4*Settings!$B$3/SUM(S4:X4) -> 100.96154 | AC4: =W4*Settings!$B$3/SUM(S4:X4) -> 83.733974 | AD4: =X4*Settings!$B$3/SUM(S4:X4) -> 71.314103 | AE4: =INT(Y4) -> 78 | AF4: =INT(Z4) -> 88 | AG4: =INT(AA4) -> 77 | AH4: =INT(AB4) -> 100 | AI4: =INT(AC4) -> 83 | AJ4: =INT(AD4) -> 71 | AK4: =Settings!$B$3-SUM(AE4:AJ4) -> 3 | AL4: =ROUND(Y4-AE4,9) -> 0.125 | AM4: =ROUND(Z4-AF4,9) -> 0.54166667 | AN4: =ROUND(AA4-AG4,9) -> 0.32371795 | AO4: =ROUND(AB4-AH4,9) -> 0.96153846 | AP4: =ROUND(AC4-AI4,9) -> 0.73397436 | AQ4: =ROUND(AD4-AJ4,9) -> 0.31410256
A5: 4 | B5: 1 | C5: 5 | D5: =INDEX(Bases!$B$2:$B$53,B5) -> Porygon | E5: =INDEX(Bases!$B$2:$B$53,C5) -> Cyndaquil | F5: =LEFT(D5,ROUNDUP(LEN(D5)/2,0))&LOWER(MID(E5,ROUNDUP(LEN(E5)/2,0)+1,20)) -> Poryquil | G5: =INDEX(Bases!$C$2:$C$53,B5) -> Normal | H5: =IF(INDEX(Bases!$C$2:$C$53,C5)=G5,"",INDEX(Bases!$C$2:$C$53,C5)) -> Fire | I5: =IF(INDEX(Bases!$E$2:$E$53,B5)="","",INDEX(Bases!$E$2:$E$53,B5)) | J5: =IF(INDEX(Bases!$E$2:$E$53,C5)="","",INDEX(Bases!$E$2:$E$53,C5)) | L5: =AE5+IF(SUMPRODUCT(--($AL5:$AQ5>AL5))<$AK5,1,0) -> 73 | M5: =AF5+IF(SUMPRODUCT(--($AL5:$AQ5>AM5))+SUMPRODUCT(--($AL5:AL5=AM5))<$AK5,1,0) -> 78 | N5: =AG5+IF(SUMPRODUCT(--($AL5:$AQ5>AN5))+SUMPRODUCT(--($AL5:AM5=AN5))<$AK5,1,0) -> 79 | O5: =AH5+IF(SUMPRODUCT(--($AL5:$AQ5>AO5))+SUMPRODUCT(--($AL5:AN5=AO5))<$AK5,1,0) -> 100 | P5: =AI5+IF(SUMPRODUCT(--($AL5:$AQ5>AP5))+SUMPRODUCT(--($AL5:AO5=AP5))<$AK5,1,0) -> 87 | Q5: =AJ5+IF(SUMPRODUCT(--($AL5:$AQ5>AQ5))+SUMPRODUCT(--($AL5:AP5=AQ5))<$AK5,1,0) -> 83 | R5: =SUM(L5:Q5) -> 500 | S5: =Settings!$B$4*MAX(INDEX(Bases!$M$2:$M$53,B5),INDEX(Bases!$M$2:$M$53,C5))+Settings!$B$5*MIN(INDEX(Bases!$M$2:$M$53,B5),INDEX(Bases!$M$2:$M$53,C5)) -> 60.666667 | T5: =Settings!$B$4*MAX(INDEX(Bases!$N$2:$N$53,B5),INDEX(Bases!$N$2:$N$53,C5))+Settings!$B$5*MIN(INDEX(Bases!$N$2:$N$53,B5),INDEX(Bases!$N$2:$N$53,C5)) -> 65 | U5: =Settings!$B$4*MAX(INDEX(Bases!$O$2:$O$53,B5),INDEX(Bases!$O$2:$O$53,C5))+Settings!$B$5*MIN(INDEX(Bases!$O$2:$O$53,B5),INDEX(Bases!$O$2:$O$53,C5)) -> 66 | V5: =Settings!$B$4*MAX(INDEX(Bases!$P$2:$P$53,B5),INDEX(Bases!$P$2:$P$53,C5))+Settings!$B$5*MIN(INDEX(Bases!$P$2:$P$53,B5),INDEX(Bases!$P$2:$P$53,C5)) -> 83.333333 | W5: =Settings!$B$4*MAX(INDEX(Bases!$Q$2:$Q$53,B5),INDEX(Bases!$Q$2:$Q$53,C5))+Settings!$B$5*MIN(INDEX(Bases!$Q$2:$Q$53,B5),INDEX(Bases!$Q$2:$Q$53,C5)) -> 72.333333 | X5: =Settings!$B$4*MAX(INDEX(Bases!$R$2:$R$53,B5),INDEX(Bases!$R$2:$R$53,C5))+Settings!$B$5*MIN(INDEX(Bases!$R$2:$R$53,B5),INDEX(Bases!$R$2:$R$53,C5)) -> 69.333333 | Y5: =S5*Settings!$B$3/SUM(S5:X5) -> 72.8 | Z5: =T5*Settings!$B$3/SUM(S5:X5) -> 78 | AA5: =U5*Settings!$B$3/SUM(S5:X5) -> 79.2 | AB5: =V5*Settings!$B$3/SUM(S5:X5) -> 100 | AC5: =W5*Settings!$B$3/SUM(S5:X5) -> 86.8 | AD5: =X5*Settings!$B$3/SUM(S5:X5) -> 83.2 | AE5: =INT(Y5) -> 72 | AF5: =INT(Z5) -> 78 | AG5: =INT(AA5) -> 79 | AH5: =INT(AB5) -> 100 | AI5: =INT(AC5) -> 86 | AJ5: =INT(AD5) -> 83 | AK5: =Settings!$B$3-SUM(AE5:AJ5) -> 2 | AL5: =ROUND(Y5-AE5,9) -> 0.8 | AM5: =ROUND(Z5-AF5,9) -> 0 | AN5: =ROUND(AA5-AG5,9) -> 0.2 | AO5: =ROUND(AB5-AH5,9) -> 0 | AP5: =ROUND(AC5-AI5,9) -> 0.8 | AQ5: =ROUND(AD5-AJ5,9) -> 0.2
A6: 5 | B6: 1 | C6: 6 | D6: =INDEX(Bases!$B$2:$B$53,B6) -> Porygon | E6: =INDEX(Bases!$B$2:$B$53,C6) -> Numel | F6: =LEFT(D6,ROUNDUP(LEN(D6)/2,0))&LOWER(MID(E6,ROUNDUP(LEN(E6)/2,0)+1,20)) -> Poryel | G6: =INDEX(Bases!$C$2:$C$53,B6) -> Normal | H6: =IF(INDEX(Bases!$C$2:$C$53,C6)=G6,"",INDEX(Bases!$C$2:$C$53,C6)) -> Fire | I6: =IF(INDEX(Bases!$E$2:$E$53,B6)="","",INDEX(Bases!$E$2:$E$53,B6)) | J6: =IF(INDEX(Bases!$E$2:$E$53,C6)="","",INDEX(Bases!$E$2:$E$53,C6)) | L6: =AE6+IF(SUMPRODUCT(--($AL6:$AQ6>AL6))<$AK6,1,0) -> 91 | M6: =AF6+IF(SUMPRODUCT(--($AL6:$AQ6>AM6))+SUMPRODUCT(--($AL6:AL6=AM6))<$AK6,1,0) -> 89 | N6: =AG6+IF(SUMPRODUCT(--($AL6:$AQ6>AN6))+SUMPRODUCT(--($AL6:AM6=AN6))<$AK6,1,0) -> 78 | O6: =AH6+IF(SUMPRODUCT(--($AL6:$AQ6>AO6))+SUMPRODUCT(--($AL6:AN6=AO6))<$AK6,1,0) -> 104 | P6: =AI6+IF(SUMPRODUCT(--($AL6:$AQ6>AP6))+SUMPRODUCT(--($AL6:AO6=AP6))<$AK6,1,0) -> 85 | Q6: =AJ6+IF(SUMPRODUCT(--($AL6:$AQ6>AQ6))+SUMPRODUCT(--($AL6:AP6=AQ6))<$AK6,1,0) -> 53 | R6: =SUM(L6:Q6) -> 500 | S6: =Settings!$B$4*MAX(INDEX(Bases!$M$2:$M$53,B6),INDEX(Bases!$M$2:$M$53,C6))+Settings!$B$5*MIN(INDEX(Bases!$M$2:$M$53,B6),INDEX(Bases!$M$2:$M$53,C6)) -> 74.666667 | T6: =Settings!$B$4*MAX(INDEX(Bases!$N$2:$N$53,B6),INDEX(Bases!$N$2:$N$53,C6))+Settings!$B$5*MIN(INDEX(Bases!$N$2:$N$53,B6),INDEX(Bases!$N$2:$N$53,C6)) -> 73 | U6: =Settings!$B$4*MAX(INDEX(Bases!$O$2:$O$53,B6),INDEX(Bases!$O$2:$O$53,C6))+Settings!$B$5*MIN(INDEX(Bases!$O$2:$O$53,B6),INDEX(Bases!$O$2:$O$53,C6)) -> 64.666667 | V6: =Settings!$B$4*MAX(INDEX(Bases!$P$2:$P$53,B6),INDEX(Bases!$P$2:$P$53,C6))+Settings!$B$5*MIN(INDEX(Bases!$P$2:$P$53,B6),INDEX(Bases!$P$2:$P$53,C6)) -> 85.666667 | W6: =Settings!$B$4*MAX(INDEX(Bases!$Q$2:$Q$53,B6),INDEX(Bases!$Q$2:$Q$53,C6))+Settings!$B$5*MIN(INDEX(Bases!$Q$2:$Q$53,B6),INDEX(Bases!$Q$2:$Q$53,C6)) -> 70.333333 | X6: =Settings!$B$4*MAX(INDEX(Bases!$R$2:$R$53,B6),INDEX(Bases!$R$2:$R$53,C6))+Settings!$B$5*MIN(INDEX(Bases!$R$2:$R$53,B6),INDEX(Bases!$R$2:$R$53,C6)) -> 44 | Y6: =S6*Settings!$B$3/SUM(S6:X6) -> 90.541633 | Z6: =T6*Settings!$B$3/SUM(S6:X6) -> 88.520614 | AA6: =U6*Settings!$B$3/SUM(S6:X6) -> 78.415521 | AB6: =V6*Settings!$B$3/SUM(S6:X6) -> 103.88036 | AC6: =W6*Settings!$B$3/SUM(S6:X6) -> 85.286985 | AD6: =X6*Settings!$B$3/SUM(S6:X6) -> 53.354891 | AE6: =INT(Y6) -> 90 | AF6: =INT(Z6) -> 88 | AG6: =INT(AA6) -> 78 | AH6: =INT(AB6) -> 103 | AI6: =INT(AC6) -> 85 | AJ6: =INT(AD6) -> 53 | AK6: =Settings!$B$3-SUM(AE6:AJ6) -> 3 | AL6: =ROUND(Y6-AE6,9) -> 0.54163298 | AM6: =ROUND(Z6-AF6,9) -> 0.52061439 | AN6: =ROUND(AA6-AG6,9) -> 0.41552142 | AO6: =ROUND(AB6-AH6,9) -> 0.8803557 | AP6: =ROUND(AC6-AI6,9) -> 0.28698464 | AQ6: =ROUND(AD6-AJ6,9) -> 0.35489086
A7: 6 | B7: 1 | C7: 7 | D7: =INDEX(Bases!$B$2:$B$53,B7) -> Porygon | E7: =INDEX(Bases!$B$2:$B$53,C7) -> Azurill | F7: =LEFT(D7,ROUNDUP(LEN(D7)/2,0))&LOWER(MID(E7,ROUNDUP(LEN(E7)/2,0)+1,20)) -> Poryill | G7: =INDEX(Bases!$C$2:$C$53,B7) -> Normal | H7: =IF(INDEX(Bases!$C$2:$C$53,C7)=G7,"",INDEX(Bases!$C$2:$C$53,C7)) -> Water | I7: =IF(INDEX(Bases!$E$2:$E$53,B7)="","",INDEX(Bases!$E$2:$E$53,B7)) | J7: =IF(INDEX(Bases!$E$2:$E$53,C7)="","",INDEX(Bases!$E$2:$E$53,C7)) | L7: =AE7+IF(SUMPRODUCT(--($AL7:$AQ7>AL7))<$AK7,1,0) -> 110 | M7: =AF7+IF(SUMPRODUCT(--($AL7:$AQ7>AM7))+SUMPRODUCT(--($AL7:AL7=AM7))<$AK7,1,0) -> 65 | N7: =AG7+IF(SUMPRODUCT(--($AL7:$AQ7>AN7))+SUMPRODUCT(--($AL7:AM7=AN7))<$AK7,1,0) -> 95 | O7: =AH7+IF(SUMPRODUCT(--($AL7:$AQ7>AO7))+SUMPRODUCT(--($AL7:AN7=AO7))<$AK7,1,0) -> 85 | P7: =AI7+IF(SUMPRODUCT(--($AL7:$AQ7>AP7))+SUMPRODUCT(--($AL7:AO7=AP7))<$AK7,1,0) -> 96 | Q7: =AJ7+IF(SUMPRODUCT(--($AL7:$AQ7>AQ7))+SUMPRODUCT(--($AL7:AP7=AQ7))<$AK7,1,0) -> 49 | R7: =SUM(L7:Q7) -> 500 | S7: =Settings!$B$4*MAX(INDEX(Bases!$M$2:$M$53,B7),INDEX(Bases!$M$2:$M$53,C7))+Settings!$B$5*MIN(INDEX(Bases!$M$2:$M$53,B7),INDEX(Bases!$M$2:$M$53,C7)) -> 92.666667 | T7: =Settings!$B$4*MAX(INDEX(Bases!$N$2:$N$53,B7),INDEX(Bases!$N$2:$N$53,C7))+Settings!$B$5*MIN(INDEX(Bases!$N$2:$N$53,B7),INDEX(Bases!$N$2:$N$53,C7)) -> 54.666667 | U7: =Settings!$B$4*MAX(INDEX(Bases!$O$2:$O$53,B7),INDEX(Bases!$O$2:$O$53,C7))+Settings!$B$5*MIN(INDEX(Bases!$O$2:$O$53,B7),INDEX(Bases!$O$2:$O$53,C7)) -> 79.666667 | V7: =Settings!$B$4*MAX(INDEX(Bases!$P$2:$P$53,B7),INDEX(Bases!$P$2:$P$53,C7))+Settings!$B$5*MIN(INDEX(Bases!$P$2:$P$53,B7),INDEX(Bases!$P$2:$P$53,C7)) -> 71.333333 | W7: =Settings!$B$4*MAX(INDEX(Bases!$Q$2:$Q$53,B7),INDEX(Bases!$Q$2:$Q$53,C7))+Settings!$B$5*MIN(INDEX(Bases!$Q$2:$Q$53,B7),INDEX(Bases!$Q$2:$Q$53,C7)) -> 81.333333 | X7: =Settings!$B$4*MAX(INDEX(Bases!$R$2:$R$53,B7),INDEX(Bases!$R$2:$R$53,C7))+Settings!$B$5*MIN(INDEX(Bases!$R$2:$R$53,B7),INDEX(Bases!$R$2:$R$53,C7)) -> 41.333333 | Y7: =S7*Settings!$B$3/SUM(S7:X7) -> 110.05542 | Z7: =T7*Settings!$B$3/SUM(S7:X7) -> 64.924782 | AA7: =U7*Settings!$B$3/SUM(S7:X7) -> 94.615994 | AB7: =V7*Settings!$B$3/SUM(S7:X7) -> 84.718923 | AC7: =W7*Settings!$B$3/SUM(S7:X7) -> 96.595408 | AD7: =X7*Settings!$B$3/SUM(S7:X7) -> 49.08947 | AE7: =INT(Y7) -> 110 | AF7: =INT(Z7) -> 64 | AG7: =INT(AA7) -> 94 | AH7: =INT(AB7) -> 84 | AI7: =INT(AC7) -> 96 | AJ7: =INT(AD7) -> 49 | AK7: =Settings!$B$3-SUM(AE7:AJ7) -> 3 | AL7: =ROUND(Y7-AE7,9) -> 0.055423595 | AM7: =ROUND(Z7-AF7,9) -> 0.92478226 | AN7: =ROUND(AA7-AG7,9) -> 0.61599367 | AO7: =ROUND(AB7-AH7,9) -> 0.7189232 | AP7: =ROUND(AC7-AI7,9) -> 0.59540776 | AQ7: =ROUND(AD7-AJ7,9) -> 0.089469517
A8: 7 | B8: 1 | C8: 8 | D8: =INDEX(Bases!$B$2:$B$53,B8) -> Porygon | E8: =INDEX(Bases!$B$2:$B$53,C8) -> Corsola | F8: =LEFT(D8,ROUNDUP(LEN(D8)/2,0))&LOWER(MID(E8,ROUNDUP(LEN(E8)/2,0)+1,20)) -> Poryola | G8: =INDEX(Bases!$C$2:$C$53,B8) -> Normal | H8: =IF(INDEX(Bases!$C$2:$C$53,C8)=G8,"",INDEX(Bases!$C$2:$C$53,C8)) -> Water | I8: =IF(INDEX(Bases!$E$2:$E$53,B8)="","",INDEX(Bases!$E$2:$E$53,B8)) | J8: =IF(INDEX(Bases!$E$2:$E$53,C8)="","",INDEX(Bases!$E$2:$E$53,C8)) | L8: =AE8+IF(SUMPRODUCT(--($AL8:$AQ8>AL8))<$AK8,1,0) -> 78 | M8: =AF8+IF(SUMPRODUCT(--($AL8:$AQ8>AM8))+SUMPRODUCT(--($AL8:AL8=AM8))<$AK8,1,0) -> 71 | N8: =AG8+IF(SUMPRODUCT(--($AL8:$AQ8>AN8))+SUMPRODUCT(--($AL8:AM8=AN8))<$AK8,1,0) -> 104 | O8: =AH8+IF(SUMPRODUCT(--($AL8:$AQ8>AO8))+SUMPRODUCT(--($AL8:AN8=AO8))<$AK8,1,0) -> 95 | P8: =AI8+IF(SUMPRODUCT(--($AL8:$AQ8>AP8))+SUMPRODUCT(--($AL8:AO8=AP8))<$AK8,1,0) -> 106 | Q8: =AJ8+IF(SUMPRODUCT(--($AL8:$AQ8>AQ8))+SUMPRODUCT(--($AL8:AP8=AQ8))<$AK8,1,0) -> 46 | R8: =SUM(L8:Q8) -> 500 | S8: =Settings!$B$4*MAX(INDEX(Bases!$M$2:$M$53,B8),INDEX(Bases!$M$2:$M$53,C8))+Settings!$B$5*MIN(INDEX(Bases!$M$2:$M$53,B8),INDEX(Bases!$M$2:$M$53,C8)) -> 65 | T8: =Settings!$B$4*MAX(INDEX(Bases!$N$2:$N$53,B8),INDEX(Bases!$N$2:$N$53,C8))+Settings!$B$5*MIN(INDEX(Bases!$N$2:$N$53,B8),INDEX(Bases!$N$2:$N$53,C8)) -> 58.666667 | U8: =Settings!$B$4*MAX(INDEX(Bases!$O$2:$O$53,B8),INDEX(Bases!$O$2:$O$53,C8))+Settings!$B$5*MIN(INDEX(Bases!$O$2:$O$53,B8),INDEX(Bases!$O$2:$O$53,C8)) -> 85.666667 | V8: =Settings!$B$4*MAX(INDEX(Bases!$P$2:$P$53,B8),INDEX(Bases!$P$2:$P$53,C8))+Settings!$B$5*MIN(INDEX(Bases!$P$2:$P$53,B8),INDEX(Bases!$P$2:$P$53,C8)) -> 78.333333 | W8: =Settings!$B$4*MAX(INDEX(Bases!$Q$2:$Q$53,B8),INDEX(Bases!$Q$2:$Q$53,C8))+Settings!$B$5*MIN(INDEX(Bases!$Q$2:$Q$53,B8),INDEX(Bases!$Q$2:$Q$53,C8)) -> 87.333333 | X8: =Settings!$B$4*MAX(INDEX(Bases!$R$2:$R$53,B8),INDEX(Bases!$R$2:$R$53,C8))+Settings!$B$5*MIN(INDEX(Bases!$R$2:$R$53,B8),INDEX(Bases!$R$2:$R$53,C8)) -> 38 | Y8: =S8*Settings!$B$3/SUM(S8:X8) -> 78.692494 | Z8: =T8*Settings!$B$3/SUM(S8:X8) -> 71.02502 | AA8: =U8*Settings!$B$3/SUM(S8:X8) -> 103.71267 | AB8: =V8*Settings!$B$3/SUM(S8:X8) -> 94.834544 | AC8: =W8*Settings!$B$3/SUM(S8:X8) -> 105.73043 | AD8: =X8*Settings!$B$3/SUM(S8:X8) -> 46.004843 | AE8: =INT(Y8) -> 78 | AF8: =INT(Z8) -> 71 | AG8: =INT(AA8) -> 103 | AH8: =INT(AB8) -> 94 | AI8: =INT(AC8) -> 105 | AJ8: =INT(AD8) -> 46 | AK8: =Settings!$B$3-SUM(AE8:AJ8) -> 3 | AL8: =ROUND(Y8-AE8,9) -> 0.69249395 | AM8: =ROUND(Z8-AF8,9) -> 0.025020178 | AN8: =ROUND(AA8-AG8,9) -> 0.71267151 | AO8: =ROUND(AB8-AH8,9) -> 0.83454399 | AP8: =ROUND(AC8-AI8,9) -> 0.73042776 | AQ8: =ROUND(AD8-AJ8,9) -> 0.004842615
A9: 8 | B9: 1 | C9: 9 | D9: =INDEX(Bases!$B$2:$B$53,B9) -> Porygon | E9: =INDEX(Bases!$B$2:$B$53,C9) -> Mudkip | F9: =LEFT(D9,ROUNDUP(LEN(D9)/2,0))&LOWER(MID(E9,ROUNDUP(LEN(E9)/2,0)+1,20)) -> Porykip | G9: =INDEX(Bases!$C$2:$C$53,B9) -> Normal | H9: =IF(INDEX(Bases!$C$2:$C$53,C9)=G9,"",INDEX(Bases!$C$2:$C$53,C9)) -> Water | I9: =IF(INDEX(Bases!$E$2:$E$53,B9)="","",INDEX(Bases!$E$2:$E$53,B9)) | J9: =IF(INDEX(Bases!$E$2:$E$53,C9)="","",INDEX(Bases!$E$2:$E$53,C9)) | L9: =AE9+IF(SUMPRODUCT(--($AL9:$AQ9>AL9))<$AK9,1,0) -> 79 | M9: =AF9+IF(SUMPRODUCT(--($AL9:$AQ9>AM9))+SUMPRODUCT(--($AL9:AL9=AM9))<$AK9,1,0) -> 97 | N9: =AG9+IF(SUMPRODUCT(--($AL9:$AQ9>AN9))+SUMPRODUCT(--($AL9:AM9=AN9))<$AK9,1,0) -> 84 | O9: =AH9+IF(SUMPRODUCT(--($AL9:$AQ9>AO9))+SUMPRODUCT(--($AL9:AN9=AO9))<$AK9,1,0) -> 95 | P9: =AI9+IF(SUMPRODUCT(--($AL9:$AQ9>AP9))+SUMPRODUCT(--($AL9:AO9=AP9))<$AK9,1,0) -> 87 | Q9: =AJ9+IF(SUMPRODUCT(--($AL9:$AQ9>AQ9))+SUMPRODUCT(--($AL9:AP9=AQ9))<$AK9,1,0) -> 58 | R9: =SUM(L9:Q9) -> 500 | S9: =Settings!$B$4*MAX(INDEX(Bases!$M$2:$M$53,B9),INDEX(Bases!$M$2:$M$53,C9))+Settings!$B$5*MIN(INDEX(Bases!$M$2:$M$53,B9),INDEX(Bases!$M$2:$M$53,C9)) -> 65.666667 | T9: =Settings!$B$4*MAX(INDEX(Bases!$N$2:$N$53,B9),INDEX(Bases!$N$2:$N$53,C9))+Settings!$B$5*MIN(INDEX(Bases!$N$2:$N$53,B9),INDEX(Bases!$N$2:$N$53,C9)) -> 80.333333 | U9: =Settings!$B$4*MAX(INDEX(Bases!$O$2:$O$53,B9),INDEX(Bases!$O$2:$O$53,C9))+Settings!$B$5*MIN(INDEX(Bases!$O$2:$O$53,B9),INDEX(Bases!$O$2:$O$53,C9)) -> 69 | V9: =Settings!$B$4*MAX(INDEX(Bases!$P$2:$P$53,B9),INDEX(Bases!$P$2:$P$53,C9))+Settings!$B$5*MIN(INDEX(Bases!$P$2:$P$53,B9),INDEX(Bases!$P$2:$P$53,C9)) -> 78.666667 | W9: =Settings!$B$4*MAX(INDEX(Bases!$Q$2:$Q$53,B9),INDEX(Bases!$Q$2:$Q$53,C9))+Settings!$B$5*MIN(INDEX(Bases!$Q$2:$Q$53,B9),INDEX(Bases!$Q$2:$Q$53,C9)) -> 72 | X9: =Settings!$B$4*MAX(INDEX(Bases!$R$2:$R$53,B9),INDEX(Bases!$R$2:$R$53,C9))+Settings!$B$5*MIN(INDEX(Bases!$R$2:$R$53,B9),INDEX(Bases!$R$2:$R$53,C9)) -> 48 | Y9: =S9*Settings!$B$3/SUM(S9:X9) -> 79.371475 | Z9: =T9*Settings!$B$3/SUM(S9:X9) -> 97.099114 | AA9: =U9*Settings!$B$3/SUM(S9:X9) -> 83.400483 | AB9: =V9*Settings!$B$3/SUM(S9:X9) -> 95.084609 | AC9: =W9*Settings!$B$3/SUM(S9:X9) -> 87.026591 | AD9: =X9*Settings!$B$3/SUM(S9:X9) -> 58.017728 | AE9: =INT(Y9) -> 79 | AF9: =INT(Z9) -> 97 | AG9: =INT(AA9) -> 83 | AH9: =INT(AB9) -> 95 | AI9: =INT(AC9) -> 87 | AJ9: =INT(AD9) -> 58 | AK9: =Settings!$B$3-SUM(AE9:AJ9) -> 1 | AL9: =ROUND(Y9-AE9,9) -> 0.37147462 | AM9: =ROUND(Z9-AF9,9) -> 0.099113618 | AN9: =ROUND(AA9-AG9,9) -> 0.40048348 | AO9: =ROUND(AB9-AH9,9) -> 0.084609186 | AP9: =ROUND(AC9-AI9,9) -> 0.026591459 | AQ9: =ROUND(AD9-AJ9,9) -> 0.017727639
A10: 9 | B10: 1 | C10: 10 | D10: =INDEX(Bases!$B$2:$B$53,B10) -> Porygon | E10: =INDEX(Bases!$B$2:$B$53,C10) -> Pichu | F10: =LEFT(D10,ROUNDUP(LEN(D10)/2,0))&LOWER(MID(E10,ROUNDUP(LEN(E10)/2,0)+1,20)) -> Poryhu | G10: =INDEX(Bases!$C$2:$C$53,B10) -> Normal | H10: =IF(INDEX(Bases!$C$2:$C$53,C10)=G10,"",INDEX(Bases!$C$2:$C$53,C10)) -> Electric | I10: =IF(INDEX(Bases!$E$2:$E$53,B10)="","",INDEX(Bases!$E$2:$E$53,B10)) | J10: =IF(INDEX(Bases!$E$2:$E$53,C10)="","",INDEX(Bases!$E$2:$E$53,C10)) | L10: =AE10+IF(SUMPRODUCT(--($AL10:$AQ10>AL10))<$AK10,1,0) -> 66 | M10: =AF10+IF(SUMPRODUCT(--($AL10:$AQ10>AM10))+SUMPRODUCT(--($AL10:AL10=AM10))<$AK10,1,0) -> 84 | N10: =AG10+IF(SUMPRODUCT(--($AL10:$AQ10>AN10))+SUMPRODUCT(--($AL10:AM10=AN10))<$AK10,1,0) -> 66 | O10: =AH10+IF(SUMPRODUCT(--($AL10:$AQ10>AO10))+SUMPRODUCT(--($AL10:AN10=AO10))<$AK10,1,0) -> 93 | P10: =AI10+IF(SUMPRODUCT(--($AL10:$AQ10>AP10))+SUMPRODUCT(--($AL10:AO10=AP10))<$AK10,1,0) -> 85 | Q10: =AJ10+IF(SUMPRODUCT(--($AL10:$AQ10>AQ10))+SUMPRODUCT(--($AL10:AP10=AQ10))<$AK10,1,0) -> 106 | R10: =SUM(L10:Q10) -> 500 | S10: =Settings!$B$4*MAX(INDEX(Bases!$M$2:$M$53,B10),INDEX(Bases!$M$2:$M$53,C10))+Settings!$B$5*MIN(INDEX(Bases!$M$2:$M$53,B10),INDEX(Bases!$M$2:$M$53,C10)) -> 57 | T10: =Settings!$B$4*MAX(INDEX(Bases!$N$2:$N$53,B10),INDEX(Bases!$N$2:$N$53,C10))+Settings!$B$5*MIN(INDEX(Bases!$N$2:$N$53,B10),INDEX(Bases!$N$2:$N$53,C10)) -> 72.333333 | U10: =Settings!$B$4*MAX(INDEX(Bases!$O$2:$O$53,B10),INDEX(Bases!$O$2:$O$53,C10))+Settings!$B$5*MIN(INDEX(Bases!$O$2:$O$53,B10),INDEX(Bases!$O$2:$O$53,C10)) -> 57 | V10: =Settings!$B$4*MAX(INDEX(Bases!$P$2:$P$53,B10),INDEX(Bases!$P$2:$P$53,C10))+Settings!$B$5*MIN(INDEX(Bases!$P$2:$P$53,B10),INDEX(Bases!$P$2:$P$53,C10)) -> 80.333333 | W10: =Settings!$B$4*MAX(INDEX(Bases!$Q$2:$Q$53,B10),INDEX(Bases!$Q$2:$Q$53,C10))+Settings!$B$5*MIN(INDEX(Bases!$Q$2:$Q$53,B10),INDEX(Bases!$Q$2:$Q$53,C10)) -> 73.333333 | X10: =Settings!$B$4*MAX(INDEX(Bases!$R$2:$R$53,B10),INDEX(Bases!$R$2:$R$53,C10))+Settings!$B$5*MIN(INDEX(Bases!$R$2:$R$53,B10),INDEX(Bases!$R$2:$R$53,C10)) -> 91.333333 | Y10: =S10*Settings!$B$3/SUM(S10:X10) -> 66.074189 | Z10: =T10*Settings!$B$3/SUM(S10:X10) -> 83.848532 | AA10: =U10*Settings!$B$3/SUM(S10:X10) -> 66.074189 | AB10: =V10*Settings!$B$3/SUM(S10:X10) -> 93.122102 | AC10: =W10*Settings!$B$3/SUM(S10:X10) -> 85.007728 | AD10: =X10*Settings!$B$3/SUM(S10:X10) -> 105.87326 | AE10: =INT(Y10) -> 66 | AF10: =INT(Z10) -> 83 | AG10: =INT(AA10) -> 66 | AH10: =INT(AB10) -> 93 | AI10: =INT(AC10) -> 85 | AJ10: =INT(AD10) -> 105 | AK10: =Settings!$B$3-SUM(AE10:AJ10) -> 2 | AL10: =ROUND(Y10-AE10,9) -> 0.074188563 | AM10: =ROUND(Z10-AF10,9) -> 0.84853168 | AN10: =ROUND(AA10-AG10,9) -> 0.074188563 | AO10: =ROUND(AB10-AH10,9) -> 0.12210201 | AP10: =ROUND(AC10-AI10,9) -> 0.007727975 | AQ10: =ROUND(AD10-AJ10,9) -> 0.87326121
A11: 10 | B11: 1 | C11: 11 | D11: =INDEX(Bases!$B$2:$B$53,B11) -> Porygon | E11: =INDEX(Bases!$B$2:$B$53,C11) -> Voltorb | F11: =LEFT(D11,ROUNDUP(LEN(D11)/2,0))&LOWER(MID(E11,ROUNDUP(LEN(E11)/2,0)+1,20)) -> Poryorb | G11: =INDEX(Bases!$C$2:$C$53,B11) -> Normal | H11: =IF(INDEX(Bases!$C$2:$C$53,C11)=G11,"",INDEX(Bases!$C$2:$C$53,C11)) -> Electric | I11: =IF(INDEX(Bases!$E$2:$E$53,B11)="","",INDEX(Bases!$E$2:$E$53,B11)) | J11: =IF(INDEX(Bases!$E$2:$E$53,C11)="","",INDEX(Bases!$E$2:$E$53,C11)) | L11: =AE11+IF(SUMPRODUCT(--($AL11:$AQ11>AL11))<$AK11,1,0) -> 70 | M11: =AF11+IF(SUMPRODUCT(--($AL11:$AQ11>AM11))+SUMPRODUCT(--($AL11:AL11=AM11))<$AK11,1,0) -> 62 | N11: =AG11+IF(SUMPRODUCT(--($AL11:$AQ11>AN11))+SUMPRODUCT(--($AL11:AM11=AN11))<$AK11,1,0) -> 79 | O11: =AH11+IF(SUMPRODUCT(--($AL11:$AQ11>AO11))+SUMPRODUCT(--($AL11:AN11=AO11))<$AK11,1,0) -> 93 | P11: =AI11+IF(SUMPRODUCT(--($AL11:$AQ11>AP11))+SUMPRODUCT(--($AL11:AO11=AP11))<$AK11,1,0) -> 86 | Q11: =AJ11+IF(SUMPRODUCT(--($AL11:$AQ11>AQ11))+SUMPRODUCT(--($AL11:AP11=AQ11))<$AK11,1,0) -> 110 | R11: =SUM(L11:Q11) -> 500 | S11: =Settings!$B$4*MAX(INDEX(Bases!$M$2:$M$53,B11),INDEX(Bases!$M$2:$M$53,C11))+Settings!$B$5*MIN(INDEX(Bases!$M$2:$M$53,B11),INDEX(Bases!$M$2:$M$53,C11)) -> 60 | T11: =Settings!$B$4*MAX(INDEX(Bases!$N$2:$N$53,B11),INDEX(Bases!$N$2:$N$53,C11))+Settings!$B$5*MIN(INDEX(Bases!$N$2:$N$53,B11),INDEX(Bases!$N$2:$N$53,C11)) -> 52.666667 | U11: =Settings!$B$4*MAX(INDEX(Bases!$O$2:$O$53,B11),INDEX(Bases!$O$2:$O$53,C11))+Settings!$B$5*MIN(INDEX(Bases!$O$2:$O$53,B11),INDEX(Bases!$O$2:$O$53,C11)) -> 67.666667 | V11: =Settings!$B$4*MAX(INDEX(Bases!$P$2:$P$53,B11),INDEX(Bases!$P$2:$P$53,C11))+Settings!$B$5*MIN(INDEX(Bases!$P$2:$P$53,B11),INDEX(Bases!$P$2:$P$53,C11)) -> 79.666667 | W11: =Settings!$B$4*MAX(INDEX(Bases!$Q$2:$Q$53,B11),INDEX(Bases!$Q$2:$Q$53,C11))+Settings!$B$5*MIN(INDEX(Bases!$Q$2:$Q$53,B11),INDEX(Bases!$Q$2:$Q$53,C11)) -> 73 | X11: =Settings!$B$4*MAX(INDEX(Bases!$R$2:$R$53,B11),INDEX(Bases!$R$2:$R$53,C11))+Settings!$B$5*MIN(INDEX(Bases!$R$2:$R$53,B11),INDEX(Bases!$R$2:$R$53,C11)) -> 94 | Y11: =S11*Settings!$B$3/SUM(S11:X11) -> 70.257611 | Z11: =T11*Settings!$B$3/SUM(S11:X11) -> 61.67057 | AA11: =U11*Settings!$B$3/SUM(S11:X11) -> 79.234973 | AB11: =V11*Settings!$B$3/SUM(S11:X11) -> 93.286495 | AC11: =W11*Settings!$B$3/SUM(S11:X11) -> 85.480094 | AD11: =X11*Settings!$B$3/SUM(S11:X11) -> 110.07026 | AE11: =INT(Y11) -> 70 | AF11: =INT(Z11) -> 61 | AG11: =INT(AA11) -> 79 | AH11: =INT(AB11) -> 93 | AI11: =INT(AC11) -> 85 | AJ11: =INT(AD11) -> 110 | AK11: =Settings!$B$3-SUM(AE11:AJ11) -> 2 | AL11: =ROUND(Y11-AE11,9) -> 0.25761124 | AM11: =ROUND(Z11-AF11,9) -> 0.67056987 | AN11: =ROUND(AA11-AG11,9) -> 0.23497268 | AO11: =ROUND(AB11-AH11,9) -> 0.28649493 | AP11: =ROUND(AC11-AI11,9) -> 0.48009368 | AQ11: =ROUND(AD11-AJ11,9) -> 0.070257611
A12: 11 | B12: 1 | C12: 12 | D12: =INDEX(Bases!$B$2:$B$53,B12) -> Porygon | E12: =INDEX(Bases!$B$2:$B$53,C12) -> Mareep | F12: =LEFT(D12,ROUNDUP(LEN(D12)/2,0))&LOWER(MID(E12,ROUNDUP(LEN(E12)/2,0)+1,20)) -> Poryeep | G12: =INDEX(Bases!$C$2:$C$53,B12) -> Normal | H12: =IF(INDEX(Bases!$C$2:$C$53,C12)=G12,"",INDEX(Bases!$C$2:$C$53,C12)) -> Electric | I12: =IF(INDEX(Bases!$E$2:$E$53,B12)="","",INDEX(Bases!$E$2:$E$53,B12)) | J12: =IF(INDEX(Bases!$E$2:$E$53,C12)="","",INDEX(Bases!$E$2:$E$53,C12)) | L12: =AE12+IF(SUMPRODUCT(--($AL12:$AQ12>AL12))<$AK12,1,0) -> 91 | M12: =AF12+IF(SUMPRODUCT(--($AL12:$AQ12>AM12))+SUMPRODUCT(--($AL12:AL12=AM12))<$AK12,1,0) -> 73 | N12: =AG12+IF(SUMPRODUCT(--($AL12:$AQ12>AN12))+SUMPRODUCT(--($AL12:AM12=AN12))<$AK12,1,0) -> 81 | O12: =AH12+IF(SUMPRODUCT(--($AL12:$AQ12>AO12))+SUMPRODUCT(--($AL12:AN12=AO12))<$AK12,1,0) -> 110 | P12: =AI12+IF(SUMPRODUCT(--($AL12:$AQ12>AP12))+SUMPRODUCT(--($AL12:AO12=AP12))<$AK12,1,0) -> 88 | Q12: =AJ12+IF(SUMPRODUCT(--($AL12:$AQ12>AQ12))+SUMPRODUCT(--($AL12:AP12=AQ12))<$AK12,1,0) -> 57 | R12: =SUM(L12:Q12) -> 500 | S12: =Settings!$B$4*MAX(INDEX(Bases!$M$2:$M$53,B12),INDEX(Bases!$M$2:$M$53,C12))+Settings!$B$5*MIN(INDEX(Bases!$M$2:$M$53,B12),INDEX(Bases!$M$2:$M$53,C12)) -> 74.666667 | T12: =Settings!$B$4*MAX(INDEX(Bases!$N$2:$N$53,B12),INDEX(Bases!$N$2:$N$53,C12))+Settings!$B$5*MIN(INDEX(Bases!$N$2:$N$53,B12),INDEX(Bases!$N$2:$N$53,C12)) -> 59.666667 | U12: =Settings!$B$4*MAX(INDEX(Bases!$O$2:$O$53,B12),INDEX(Bases!$O$2:$O$53,C12))+Settings!$B$5*MIN(INDEX(Bases!$O$2:$O$53,B12),INDEX(Bases!$O$2:$O$53,C12)) -> 66.333333 | V12: =Settings!$B$4*MAX(INDEX(Bases!$P$2:$P$53,B12),INDEX(Bases!$P$2:$P$53,C12))+Settings!$B$5*MIN(INDEX(Bases!$P$2:$P$53,B12),INDEX(Bases!$P$2:$P$53,C12)) -> 90.666667 | W12: =Settings!$B$4*MAX(INDEX(Bases!$Q$2:$Q$53,B12),INDEX(Bases!$Q$2:$Q$53,C12))+Settings!$B$5*MIN(INDEX(Bases!$Q$2:$Q$53,B12),INDEX(Bases!$Q$2:$Q$53,C12)) -> 72 | X12: =Settings!$B$4*MAX(INDEX(Bases!$R$2:$R$53,B12),INDEX(Bases!$R$2:$R$53,C12))+Settings!$B$5*MIN(INDEX(Bases!$R$2:$R$53,B12),INDEX(Bases!$R$2:$R$53,C12)) -> 46.666667 | Y12: =S12*Settings!$B$3/SUM(S12:X12) -> 91.056911 | Z12: =T12*Settings!$B$3/SUM(S12:X12) -> 72.764228 | AA12: =U12*Settings!$B$3/SUM(S12:X12) -> 80.894309 | AB12: =V12*Settings!$B$3/SUM(S12:X12) -> 110.56911 | AC12: =W12*Settings!$B$3/SUM(S12:X12) -> 87.804878 | AD12: =X12*Settings!$B$3/SUM(S12:X12) -> 56.910569 | AE12: =INT(Y12) -> 91 | AF12: =INT(Z12) -> 72 | AG12: =INT(AA12) -> 80 | AH12: =INT(AB12) -> 110 | AI12: =INT(AC12) -> 87 | AJ12: =INT(AD12) -> 56 | AK12: =Settings!$B$3-SUM(AE12:AJ12) -> 4 | AL12: =ROUND(Y12-AE12,9) -> 0.056910569 | AM12: =ROUND(Z12-AF12,9) -> 0.76422764 | AN12: =ROUND(AA12-AG12,9) -> 0.89430894 | AO12: =ROUND(AB12-AH12,9) -> 0.56910569 | AP12: =ROUND(AC12-AI12,9) -> 0.80487805 | AQ12: =ROUND(AD12-AJ12,9) -> 0.91056911
A13: 12 | B13: 1 | C13: 13 | D13: =INDEX(Bases!$B$2:$B$53,B13) -> Porygon | E13: =INDEX(Bases!$B$2:$B$53,C13) -> Bulbasaur | F13: =LEFT(D13,ROUNDUP(LEN(D13)/2,0))&LOWER(MID(E13,ROUNDUP(LEN(E13)/2,0)+1,20)) -> Porysaur | G13: =INDEX(Bases!$C$2:$C$53,B13) -> Normal | H13: =IF(INDEX(Bases!$C$2:$C$53,C13)=G13,"",INDEX(Bases!$C$2:$C$53,C13)) -> Grass | I13: =IF(INDEX(Bases!$E$2:$E$53,B13)="","",INDEX(Bases!$E$2:$E$53,B13)) | J13: =IF(INDEX(Bases!$E$2:$E$53,C13)="","",INDEX(Bases!$E$2:$E$53,C13)) | L13: =AE13+IF(SUMPRODUCT(--($AL13:$AQ13>AL13))<$AK13,1,0) -> 77 | M13: =AF13+IF(SUMPRODUCT(--($AL13:$AQ13>AM13))+SUMPRODUCT(--($AL13:AL13=AM13))<$AK13,1,0) -> 76 | N13: =AG13+IF(SUMPRODUCT(--($AL13:$AQ13>AN13))+SUMPRODUCT(--($AL13:AM13=AN13))<$AK13,1,0) -> 83 | O13: =AH13+IF(SUMPRODUCT(--($AL13:$AQ13>AO13))+SUMPRODUCT(--($AL13:AN13=AO13))<$AK13,1,0) -> 104 | P13: =AI13+IF(SUMPRODUCT(--($AL13:$AQ13>AP13))+SUMPRODUCT(--($AL13:AO13=AP13))<$AK13,1,0) -> 98 | Q13: =AJ13+IF(SUMPRODUCT(--($AL13:$AQ13>AQ13))+SUMPRODUCT(--($AL13:AP13=AQ13))<$AK13,1,0) -> 62 | R13: =SUM(L13:Q13) -> 500 | S13: =Settings!$B$4*MAX(INDEX(Bases!$M$2:$M$53,B13),INDEX(Bases!$M$2:$M$53,C13))+Settings!$B$5*MIN(INDEX(Bases!$M$2:$M$53,B13),INDEX(Bases!$M$2:$M$53,C13)) -> 62.666667 | T13: =Settings!$B$4*MAX(INDEX(Bases!$N$2:$N$53,B13),INDEX(Bases!$N$2:$N$53,C13))+Settings!$B$5*MIN(INDEX(Bases!$N$2:$N$53,B13),INDEX(Bases!$N$2:$N$53,C13)) -> 61.666667 | U13: =Settings!$B$4*MAX(INDEX(Bases!$O$2:$O$53,B13),INDEX(Bases!$O$2:$O$53,C13))+Settings!$B$5*MIN(INDEX(Bases!$O$2:$O$53,B13),INDEX(Bases!$O$2:$O$53,C13)) -> 68 | V13: =Settings!$B$4*MAX(INDEX(Bases!$P$2:$P$53,B13),INDEX(Bases!$P$2:$P$53,C13))+Settings!$B$5*MIN(INDEX(Bases!$P$2:$P$53,B13),INDEX(Bases!$P$2:$P$53,C13)) -> 84.666667 | W13: =Settings!$B$4*MAX(INDEX(Bases!$Q$2:$Q$53,B13),INDEX(Bases!$Q$2:$Q$53,C13))+Settings!$B$5*MIN(INDEX(Bases!$Q$2:$Q$53,B13),INDEX(Bases!$Q$2:$Q$53,C13)) -> 80 | X13: =Settings!$B$4*MAX(INDEX(Bases!$R$2:$R$53,B13),INDEX(Bases!$R$2:$R$53,C13))+Settings!$B$5*MIN(INDEX(Bases!$R$2:$R$53,B13),INDEX(Bases!$R$2:$R$53,C13)) -> 50.666667 | Y13: =S13*Settings!$B$3/SUM(S13:X13) -> 76.86018 | Z13: =T13*Settings!$B$3/SUM(S13:X13) -> 75.633688 | AA13: =U13*Settings!$B$3/SUM(S13:X13) -> 83.401472 | AB13: =V13*Settings!$B$3/SUM(S13:X13) -> 103.84301 | AC13: =W13*Settings!$B$3/SUM(S13:X13) -> 98.119379 | AD13: =X13*Settings!$B$3/SUM(S13:X13) -> 62.142273 | AE13: =INT(Y13) -> 76 | AF13: =INT(Z13) -> 75 | AG13: =INT(AA13) -> 83 | AH13: =INT(AB13) -> 103 | AI13: =INT(AC13) -> 98 | AJ13: =INT(AD13) -> 62 | AK13: =Settings!$B$3-SUM(AE13:AJ13) -> 3 | AL13: =ROUND(Y13-AE13,9) -> 0.86017989 | AM13: =ROUND(Z13-AF13,9) -> 0.63368765 | AN13: =ROUND(AA13-AG13,9) -> 0.40147179 | AO13: =ROUND(AB13-AH13,9) -> 0.84300899 | AP13: =ROUND(AC13-AI13,9) -> 0.11937858 | AQ13: =ROUND(AD13-AJ13,9) -> 0.1422731
... A1327: 1326 | B1327: 51 | C1327: 52 | D1327: =INDEX(Bases!$B$2:$B$53,B1327) -> Cleffa | E1327: =INDEX(Bases!$B$2:$B$53,C1327) -> Togepi | F1327: =LEFT(D1327,ROUNDUP(LEN(D1327)/2,0))&LOWER(MID(E1327,ROUNDUP(LEN(E1327)/2,0)+1,20)) -> Cleepi | G1327: =INDEX(Bases!$C$2:$C$53,B1327) -> Fairy | H1327: =IF(INDEX(Bases!$C$2:$C$53,C1327)=G1327,"",INDEX(Bases!$C$2:$C$53,C1327)) | I1327: =IF(INDEX(Bases!$E$2:$E$53,B1327)="","",INDEX(Bases!$E$2:$E$53,B1327)) | J1327: =IF(INDEX(Bases!$E$2:$E$53,C1327)="","",INDEX(Bases!$E$2:$E$53,C1327)) | L1327: =AE1327+IF(SUMPRODUCT(--($AL1327:$AQ1327>AL1327))<$AK1327,1,0) -> 95 | M1327: =AF1327+IF(SUMPRODUCT(--($AL1327:$AQ1327>AM1327))+SUMPRODUCT(--($AL1327:AL1327=AM1327))<$AK1327,1,0) -> 49 | N1327: =AG1327+IF(SUMPRODUCT(--($AL1327:$AQ1327>AN1327))+SUMPRODUCT(--($AL1327:AM1327=AN1327))<$AK1327,1,0) -> 104 | O1327: =AH1327+IF(SUMPRODUCT(--($AL1327:$AQ1327>AO1327))+SUMPRODUCT(--($AL1327:AN1327=AO1327))<$AK1327,1,0) -> 91 | P1327: =AI1327+IF(SUMPRODUCT(--($AL1327:$AQ1327>AP1327))+SUMPRODUCT(--($AL1327:AO1327=AP1327))<$AK1327,1,0) -> 124 | Q1327: =AJ1327+IF(SUMPRODUCT(--($AL1327:$AQ1327>AQ1327))+SUMPRODUCT(--($AL1327:AP1327=AQ1327))<$AK1327,1,0) -> 37 | R1327: =SUM(L1327:Q1327) -> 500 | S1327: =Settings!$B$4*MAX(INDEX(Bases!$M$2:$M$53,B1327),INDEX(Bases!$M$2:$M$53,C1327))+Settings!$B$5*MIN(INDEX(Bases!$M$2:$M$53,B1327),INDEX(Bases!$M$2:$M$53,C1327)) -> 80.333333 | T1327: =Settings!$B$4*MAX(INDEX(Bases!$N$2:$N$53,B1327),INDEX(Bases!$N$2:$N$53,C1327))+Settings!$B$5*MIN(INDEX(Bases!$N$2:$N$53,B1327),INDEX(Bases!$N$2:$N$53,C1327)) -> 41.666667 | U1327: =Settings!$B$4*MAX(INDEX(Bases!$O$2:$O$53,B1327),INDEX(Bases!$O$2:$O$53,C1327))+Settings!$B$5*MIN(INDEX(Bases!$O$2:$O$53,B1327),INDEX(Bases!$O$2:$O$53,C1327)) -> 87.666667 | V1327: =Settings!$B$4*MAX(INDEX(Bases!$P$2:$P$53,B1327),INDEX(Bases!$P$2:$P$53,C1327))+Settings!$B$5*MIN(INDEX(Bases!$P$2:$P$53,B1327),INDEX(Bases!$P$2:$P$53,C1327)) -> 77 | W1327: =Settings!$B$4*MAX(INDEX(Bases!$Q$2:$Q$53,B1327),INDEX(Bases!$Q$2:$Q$53,C1327))+Settings!$B$5*MIN(INDEX(Bases!$Q$2:$Q$53,B1327),INDEX(Bases!$Q$2:$Q$53,C1327)) -> 104.33333 | X1327: =Settings!$B$4*MAX(INDEX(Bases!$R$2:$R$53,B1327),INDEX(Bases!$R$2:$R$53,C1327))+Settings!$B$5*MIN(INDEX(Bases!$R$2:$R$53,B1327),INDEX(Bases!$R$2:$R$53,C1327)) -> 31 | Y1327: =S1327*Settings!$B$3/SUM(S1327:X1327) -> 95.181675 | Z1327: =T1327*Settings!$B$3/SUM(S1327:X1327) -> 49.368088 | AA1327: =U1327*Settings!$B$3/SUM(S1327:X1327) -> 103.87046 | AB1327: =V1327*Settings!$B$3/SUM(S1327:X1327) -> 91.232227 | AC1327: =W1327*Settings!$B$3/SUM(S1327:X1327) -> 123.61769 | AD1327: =X1327*Settings!$B$3/SUM(S1327:X1327) -> 36.729858 | AE1327: =INT(Y1327) -> 95 | AF1327: =INT(Z1327) -> 49 | AG1327: =INT(AA1327) -> 103 | AH1327: =INT(AB1327) -> 91 | AI1327: =INT(AC1327) -> 123 | AJ1327: =INT(AD1327) -> 36 | AK1327: =Settings!$B$3-SUM(AE1327:AJ1327) -> 3 | AL1327: =ROUND(Y1327-AE1327,9) -> 0.18167457 | AM1327: =ROUND(Z1327-AF1327,9) -> 0.36808847 | AN1327: =ROUND(AA1327-AG1327,9) -> 0.87045814 | AO1327: =ROUND(AB1327-AH1327,9) -> 0.23222749 | AP1327: =ROUND(AC1327-AI1327,9) -> 0.61769352 | AQ1327: =ROUND(AD1327-AJ1327,9) -> 0.72985782
